Workbook

Sheet params
A1: Table 1: Summary Output (AR1) | I1: variable | J1: X2.5 | K1: X50 | L1: X97.5 | M1: post_cv | T1: Table 2: Summary Output (Ricker) | AB1: variable | AC1: X2.5 | AD1: X50 | AE1: X97.5 | AF1: post_cv
I2: lnalpha | J2: 1.236711 | K2: 1.5848411 | L2: 1.9088989 | M2: 0.10644444 | T2: Parameter | U2: 0.025 | V2: Median | W2: 0.975 | X2: Posterior CV | AB2: lnalpha | AC2: 1.2839696 | AD2: 1.5933278 | AE2: 1.8967487 | AF2: 0.097671437
A3: Parameter | B3: 0.025 | C3: Median | D3: 0.975 | E3: Posterior CV | I3: lnalpha.c | J3: 1.3372744 | K3: 1.6740486 | L3: 2.0083767 | M3: 0.10177034 | T3: ln(a) | U3: =AC2 -> 1.2839696 | V3: =AD2 -> 1.5933278 | W3: =AE2 -> 1.8967487 | X3: =AF2 -> 0.097671437 | AB3: lnalpha.c | AC3: 1.3732153 | AD3: 1.6743534 | AE3: 1.9883288 | AF3: 0.09346165
A4: ln(a) | B4: =J2 -> 1.236711 | C4: =K2 -> 1.5848411 | D4: =L2 -> 1.9088989 | E4: =M2 -> 0.10644444 | I4: beta | J4: 0.094269282 | K4: 0.13384214 | L4: 0.17113835 | M4: 0.14641497 | T4: ln(a)' | U4: =AC3 -> 1.3732153 | V4: =AD3 -> 1.6743534 | W4: =AE3 -> 1.9883288 | X4: =AF3 -> 0.09346165 | AB4: beta | AC4: 0.098619178 | AD4: 0.13539227 | AE4: 0.17175209 | AF4: 0.13710612
A5: ln(a)' | B5: =J3 -> 1.3372744 | C5: =K3 -> 1.6740486 | D5: =L3 -> 2.0083767 | E5: =M3 -> 0.10177034 | I5: beta1 | J5: 9.42692820554085e-06 | K5: 1.33842144022435e-05 | L5: 1.71138345114143e-05 | M5: 0.14641497 | T5: b | U5: 9.86 x 10-6 | V5: 1.35 x 10-5 | W5: 1.72 x 10-5 | X5: =AF5 -> 0.13710612 | AB5: beta1 | AC5: 9.86191775922459e-06 | AD5: 1.35392270127364e-05 | AE5: 1.71752090840204e-05 | AF5: 0.13710612
A6: b | B6: 9.43 x 10-6 | C6: 1.34 x 10-5 | D6: 1.714 x 10-5 | E6: =M5 -> 0.14641497 | I6: alpha | J6: 3.4442667 | K6: 4.8785162 | L6: 6.7456569 | M6: 0.16837463 | T6: a | U6: =AC6 -> 3.6109454 | V6: =AD6 -> 4.9200948 | W6: =AE6 -> 6.6641919 | X6: =AF6 -> 0.15653197 | AB6: alpha | AC6: 3.6109454 | AD6: 4.9200948 | AE6: 6.6641919 | AF6: 0.15653197
A7: a | B7: =J6 -> 3.4442667 | C7: =K6 -> 4.8785162 | D7: =L6 -> 6.7456569 | E7: =M6 -> 0.16837463 | I7: alpha.c | J7: 3.8086487 | K7: 5.333718 | L7: 7.4512117 | M7: 0.17661029 | T7: a' | U7: =AC7 -> 3.9480246 | V7: =AD7 -> 5.3353441 | W7: =AE7 -> 7.3033184 | X7: =AF7 -> 0.1585245 | AB7: alpha.c | AC7: 3.9480246 | AD7: 5.3353441 | AE7: 7.3033184 | AF7: 0.1585245
A8: a' | B8: =J7 -> 3.8086487 | C8: =K7 -> 5.333718 | D8: =L7 -> 7.4512117 | E8: =M7 -> 0.17661029 | I8: Smsy_lambert | J8: 39954.646 | K8: 46158.087 | L8: 56888.647 | M8: 0.092081637 | T8: sR | U8: =AF72 -> 0.32759348 | V8: =AG72 -> 0.40174414 | W8: =AH72 -> 0.50427075 | X8: =AK72 -> 0.11208191 | AB8: Smsy_lambert | AC8: 40036.966 | AD8: 45859.581 | AE8: 54876.721 | AF8: 0.083221261
A9: f | B9: =M71 -> -0.23005101 | C9: =N71 -> 0.097634603 | D9: =O71 -> 0.45580217 | E9: =R71 -> 1.7521148 | I9: Smsy_lambert.c | J9: 41275.452 | K9: 47923.849 | L9: 60103.639 | M9: 0.098941923 | T9: SMSY(Lambert W)) | U9: =AC8 -> 40036.966 | V9: =AD8 -> 45859.581 | W9: =AE8 -> 54876.721 | X9: =AF8 -> 0.083221261 | AB9: Smsy_lambert.c | AC9: 41271.455 | AD9: 47445.299 | AE9: 57800.516 | AF9: 0.088573536
A10: sR | B10: =M72 -> 0.33083231 | C10: =N72 -> 0.40617203 | D10: =O72 -> 0.5183989 | E10: =R72 -> 0.11623349 | I10: Umsy_lambert | J10: 0.51438071 | K10: 0.61924416 | L10: 0.70113513 | M10: 0.076088629 | T10: UMSY(Lambert W) | U10: =AC10 -> 0.52966326 | V10: =AD10 -> 0.62157923 | W10: =AE10 -> 0.69832933 | X10: =AF10 -> 0.069150387 | AB10: Umsy_lambert | AC10: 0.52966326 | AD10: 0.62157923 | AE10: 0.69832933 | AF10: 0.069150387
A11: SMSY(Lambert W)) | B11: =J8 -> 39954.646 | C11: =K8 -> 46158.087 | D11: =L8 -> 56888.647 | E11: =M8 -> 0.092081637 | I11: Umsy_lambert.c | J11: 0.5465045 | K11: 0.64327065 | L11: 0.72335532 | M11: 0.069889888 | T11: SMAX | U11: =AC12 -> 58223.454 | V11: =AD12 -> 73859.46 | W11: =AE12 -> 101400.16 | X11: =AF12 -> 0.14711136 | AB11: Umsy_lambert.c | AC11: 0.55762284 | AD11: 0.64335079 | AE11: 0.71898425 | AF11: 0.064103917
A12: UMSY(Lambert W) | B12: =J10 -> 0.51438071 | C12: =K10 -> 0.61924416 | D12: =L10 -> 0.70113513 | E12: =M10 -> 0.076088629 | I12: Smax | J12: 58432.258 | K12: 74714.882 | L12: 106079.11 | M12: 0.16048557 | T12: SEQ | U12: =AC15 -> 105989.09 | V12: =AD15 -> 117694.08 | W12: =AE15 -> 135893.92 | X12: =AF15 -> 0.064835452 | AB12: Smax | AC12: 58223.454 | AD12: 73859.46 | AE12: 101400.16 | AF12: 0.14711136
A13: SMAX | B13: =J12 -> 58432.258 | C13: =K12 -> 74714.882 | D13: =L12 -> 106079.11 | E13: =M12 -> 0.16048557 | I13: Rmsy.c | J13: 114078.88 | K13: 135405.65 | L13: 166480.61 | M13: 0.10812199 | T13: MSY | U13: =AC16 -> 57262.172 | V13: =AD16 -> 75618.073 | W13: =AE16 -> 97764.8 | X13: =AF16 -> 0.13521431 | AB13: Rmsy.c | AC13: 115640.39 | AD13: 134128.39 | AE13: 157970.85 | AF13: 0.079815383
A14: SEQ | B14: =J15 -> 105370.34 | C14: =K15 -> 118318.71 | D14: =L15 -> 140496.65 | E14: =M15 -> 0.075324844 | I14: Rmsy | J14: 101750.96 | K14: 122430.19 | L14: 147547.19 | M14: 0.095064688 | AB14: Rmsy | AC14: 104479.85 | AD14: 122097.52 | AE14: 142012.26 | AF14: 0.077969412
A15: MSY | B15: =J16 -> 54497.204 | C15: =K16 -> 75660.093 | D15: =L16 -> 101073.79 | E15: =M16 -> 0.15644832 | I15: Seq | J15: 105370.34 | K15: 118318.71 | L15: 140496.65 | M15: 0.075324844 | V15: =AC24*10^-4 -> 1.3535444e-05 | AB15: Seq | AC15: 105989.09 | AD15: 117694.08 | AE15: 135893.92 | AF15: 0.064835452
I16: MSY | J16: 54497.204 | K16: 75660.093 | L16: 101073.79 | M16: 0.15644832 | AB16: MSY | AC16: 57262.172 | AD16: 75618.073 | AE16: 97764.8 | AF16: 0.13521431
I17: MSYc | J17: 64645.853 | K17: 86716.973 | L17: 117594.57 | M17: 0.16779988 | AB17: MSY.c | AC17: 66516.82 | AD17: 86061.768 | AE17: 111505.27 | AF17: 0.13173892
I18: Rmax.c | J18: 128488.4 | K18: 147562.47 | L18: 179085.86 | M18: 0.094049521 | AB18: Rmax.c | AC18: 129607.86 | AD18: 146260.88 | AE18: 168942.31 | AF18: 0.067479014
I19: Rmax | J19: 117305.54 | K19: 135383.58 | L19: 159144.78 | M19: 0.078810775 | AB19: Rmax | AC19: 119211.4 | AD19: 134786.36 | AE19: 152892.36 | AF19: 0.063403567
I21: variable | J21: Mean | K21: SD | L21: time_series_se | M21: 0.025 | N21: 0.5 | O21: 0.975 | P21: mc_error | Q21: converge | R21: cv | AB21: variable | AC21: Mean | AD21: SD | AE21: time_series_se | AF21: 0.025 | AG21: 0.5 | AH21: 0.975 | AI21: mc_error | AJ21: converge | AK21: cv
I22: Tau | J22: 6.1629444 | K22: 1.3876939 | L22: 0.018086433 | M22: 3.7211044 | N22: 6.061498 | O22: 9.1365905 | P22: 0.013033446 | Q22: TRUE | R22: =K22/J22 -> 0.22516736 | AB22: Tau | AC22: 6.30724 | AD22: 1.3800629 | AE22: 0.017603943 | AF22: 3.9325338 | AG22: 6.19585 | AH22: 9.3181458 | AI22: 0.012755899 | AJ22: TRUE | AK22: =AD22/AC22 -> 0.21880615
I23: alpha | J23: 4.9394869 | K23: 0.83168429 | L23: 0.0104747 | M23: 3.4442667 | N23: 4.8785162 | O23: 6.7456569 | P23: 0.012594562 | Q23: TRUE | R23: =K23/J23 -> 0.16837463 | AB23: alpha | AC23: 4.9772348 | AD23: 0.77909635 | AE23: 0.010187273 | AF23: 3.6109454 | AG23: 4.9200948 | AH23: 6.6641919 | AI23: 0.013075755 | AJ23: TRUE | AK23: =AD23/AC23 -> 0.15653197
I24: beta | J24: 0.13352186 | K24: 0.019549599 | L24: 0.00024918782 | M24: 0.094269282 | N24: 0.13384214 | O24: 0.17113835 | P24: 0.012746442 | Q24: TRUE | R24: =K24/J24 -> 0.14641497 | AB24: beta | AC24: 0.13535444 | AD24: 0.018557922 | AE24: 0.0002408115 | AF24: 0.098619178 | AG24: 0.13539227 | AH24: 0.17175209 | AI24: 0.01297621 | AJ24: TRUE | AK24: =AD24/AC24 -> 0.13710612
I25: e[1] | J25: 0.12005579 | K25: 0.10854373 | L25: 0.0013966575 | M25: -0.10091586 | N25: 0.1231895 | O25: 0.32910489 | P25: 0.012867233 | Q25: TRUE | R25: =K25/J25 -> 0.90411074 | AB25: e[1] | AC25: 0.13187008 | AD25: 0.096293281 | AE25: 0.0012430513 | AF25: -0.055730826 | AG25: 0.13175708 | AH25: 0.3204713 | AI25: 0.012909014 | AJ25: TRUE | AK25: =AD25/AC25 -> 0.73021325
I26: e[2] | J26: 0.56513042 | K26: 0.28306567 | L26: 0.0036448125 | M26: -0.0055793147 | N26: 0.57255752 | O26: 1.1150155 | P26: 0.012876208 | Q26: TRUE | R26: =K26/J26 -> 0.50088557 | AB26: e[2] | AC26: 0.5952049 | AD26: 0.26626421 | AE26: 0.0034368556 | AF26: 0.075918947 | AG26: 0.59528504 | AH26: 1.1159832 | AI26: 0.012907689 | AJ26: TRUE | AK26: =AD26/AC26 -> 0.44734883
I27: e[3] | J27: -0.12971674 | K27: 0.15594163 | L27: 0.0020063883 | M27: -0.44175651 | N27: -0.12450054 | O27: 0.17316952 | P27: 0.012866278 | Q27: TRUE | R27: =K27/J27 -> -1.2021704 | AB27: e[3] | AC27: -0.11242396 | AD27: 0.14345796 | AE27: 0.0018517841 | AF27: -0.39366137 | AG27: -0.11324734 | AH27: 0.16300211 | AI27: 0.0129082 | AJ27: TRUE | AK27: =AD27/AC27 -> -1.2760444
I28: e[4] | J28: -0.32806183 | K28: 0.12629118 | L28: 0.0016250008 | M28: -0.57762952 | N28: -0.32390259 | O28: -0.084145462 | P28: 0.012867096 | Q28: TRUE | R28: =K28/J28 -> -0.38496153 | AB28: e[4] | AC28: -0.3140686 | AD28: 0.11416001 | AE28: 0.0014736452 | AF28: -0.53771474 | AG28: -0.31534227 | AH28: -0.090095015 | AI28: 0.012908593 | AJ28: TRUE | AK28: =AD28/AC28 -> -0.36348751
I29: e[5] | J29: -0.2051721 | K29: 0.083140341 | L29: 0.0010850076 | M29: -0.37635307 | N29: -0.20262955 | O29: -0.048078356 | P29: 0.013050314 | Q29: TRUE | R29: =K29/J29 -> -0.40522245 | AB29: e[5] | AC29: -0.19739943 | AD29: 0.069829238 | AE29: 0.00090151341 | AF29: -0.33534951 | AG29: -0.19801507 | AH29: -0.059988061 | AI29: 0.012910257 | AJ29: TRUE | AK29: =AD29/AC29 -> -0.35374589
I30: e[6] | J30: -0.096743516 | K30: 0.081168937 | L30: 0.0010480183 | M30: -0.2593869 | N30: -0.097162419 | O30: 0.061050247 | P30: 0.012911569 | Q30: TRUE | R30: =K30/J30 -> -0.83901165 | AB30: e[6] | AC30: -0.095047815 | AD30: 0.067614359 | AE30: 0.00087080275 | AF30: -0.22833796 | AG30: -0.095128971 | AH30: 0.03916827 | AI30: 0.012878962 | AJ30: TRUE | AK30: =AD30/AC30 -> -0.71137205
I31: e[7] | J31: 0.12209536 | K31: 0.075517797 | L31: 0.00097504421 | M31: -0.029925913 | N31: 0.12276418 | O31: 0.2692476 | P31: 0.012911449 | Q31: TRUE | R31: =K31/J31 -> 0.61851491 | AB31: e[7] | AC31: 0.12630664 | AD31: 0.061473436 | AE31: 0.00078368067 | AF31: 0.007290376 | AG31: 0.12636584 | AH31: 0.24777673 | AI31: 0.012748282 | AJ31: TRUE | AK31: =AD31/AC31 -> 0.48669996
I32: e[8] | J32: -0.63963393 | K32: 0.079893234 | L32: 0.0010315454 | M32: -0.80143854 | N32: -0.63977017 | O32: -0.48306704 | P32: 0.012911549 | Q32: TRUE | R32: =K32/J32 -> -0.12490462 | AB32: e[8] | AC32: -0.63759535 | AD32: 0.066236376 | AE32: 0.00085190858 | AF32: -0.76774282 | AG32: -0.63764807 | AH32: -0.50554789 | AI32: 0.012861642 | AJ32: TRUE | AK32: =AD32/AC32 -> -0.10388466
I33: e[9] | J33: -0.33318796 | K33: 0.084005889 | L33: 0.0010846512 | M33: -0.49954191 | N33: -0.33387774 | O33: -0.16993602 | P33: 0.012911609 | Q33: TRUE | R33: =K33/J33 -> -0.25212762 | AB33: e[9] | AC33: -0.33214943 | AD33: 0.070658372 | AE33: 0.00091218002 | AF33: -0.47046618 | AG33: -0.33183638 | AH33: -0.19094759 | AI33: 0.012909723 | AJ33: TRUE | AK33: =AD33/AC33 -> -0.21273068
... I74: tauw | J74: 1475.1744 | K74: 45849.595 | L74: 591.97336 | M74: 0.26313313 | N74: 0.99058566 | O74: 326.49819 | P74: 0.012911202 | Q74: TRUE | R74: =K74/J74 -> 31.080796 | AB74: tauw | AC74: 2235.7173 | AD74: 100560.18 | AE74: 1298.2342 | AF74: 0.26069667 | AG74: 1.0127061 | AH74: 438.42465 | AI74: 0.012910022 | AJ74: TRUE | AK74: =AD74/AC74 -> 44.978933

Sheet contrast
A1: year | B1: spawn | C1: recruit25 | D1: recruit50 | E1: recruit75 | F1: ln(R/S) | G1: R/S | H1: contrast | I1: =MAX(B2:B44)/MIN(B2:B44) -> 7.8376452
A2: 1976 | B2: 116989 | C2: 127903.19 | D2: 134724.39 | E2: 137496.32 | F2: =LN(D2/B2) -> 0.14115125 | G2: =(D2/B2) -> 1.1515988
A3: 1977 | B3: 216631 | C3: 97652.74 | D3: 102923.17 | E3: 107616.74 | F3: =LN(D3/B3) -> -0.74421267 | G3: =(D3/B3) -> 0.47510822 | I3: min | J3: =MIN(F2:F44) -> -0.74421267 | L3: min | M3: =MIN(G2:G44) -> 0.47510822
A4: 1978 | B4: 146884 | C4: 83714.564 | D4: 88398.789 | E4: 92490.553 | F4: =LN(D4/B4) -> -0.50778489 | G4: =(D4/B4) -> 0.60182722 | I4: max | J4: =MAX(F2:F44) -> 1.8062853 | L4: max | M4: =MAX(G2:G44) -> 6.0877914
A5: 1979 | B5: 128879 | C5: 77548.378 | D5: 80894.846 | E5: 83093.726 | F5: =LN(D5/B5) -> -0.46572386 | G5: =(D5/B5) -> 0.62768059
A6: 1980 | B6: 94934.708 | C6: 101861.06 | D6: 106015.55 | E6: 108424.68 | F6: =LN(D6/B6) -> 0.11039637 | G6: =(D6/B6) -> 1.1167206
A7: 1981 | B7: 61774 | C7: 115025.09 | D7: 119710.4 | E7: 124395.71 | F7: =LN(D7/B7) -> 0.66159291 | G7: =(D7/B7) -> 1.9378767
A8: 1982 | B8: 75501 | C8: 148451.75 | D8: 151607.09 | E8: 152525.46 | F8: =LN(D8/B8) -> 0.69714632 | G8: =(D8/B8) -> 2.0080143
A9: 1983 | B9: 63645 | C9: 66788.85 | D9: 69898.3 | E9: 71474.89 | F9: =LN(D9/B9) -> 0.093720558 | G9: =(D9/B9) -> 1.0982528
A10: 1984 | B10: 58188 | C10: 88539.298 | D10: 93382.929 | E10: 96349.52 | F10: =LN(D10/B10) -> 0.47302941 | G10: =(D10/B10) -> 1.6048486
A11: 1985 | B11: 107586 | C11: 161113.31 | D11: 170082.11 | E11: 178510.8 | F11: =LN(D11/B11) -> 0.45799082 | G11: =(D11/B11) -> 1.5808945
A12: 1986 | B12: 71543 | C12: 240259.51 | D12: 252681.34 | E12: 262627.11 | F12: =LN(D12/B12) -> 1.2618305 | G12: =(D12/B12) -> 3.5318806
A13: 1987 | B13: 72720 | C13: 191852.29 | D13: 201019.46 | E13: 208353.33 | F13: =LN(D13/B13) -> 1.0167853 | G13: =(D13/B13) -> 2.764294
A14: 1988 | B14: 46166.047 | C14: 125968.63 | D14: 131089.12 | E14: 134611.55 | F14: =LN(D14/B14) -> 1.0436328 | G14: =(D14/B14) -> 2.8395137
A15: 1989 | B15: 83680.441 | C15: 123327.55 | D15: 127588.68 | E15: 130878.48 | F15: =LN(D15/B15) -> 0.4218064 | G15: =(D15/B15) -> 1.5247133
A16: 1990 | B16: 75246.474 | C16: 80574.478 | D16: 83501.13 | E16: 85984.406 | F16: =LN(D16/B16) -> 0.10409112 | G16: =(D16/B16) -> 1.1097016
... A44: 2018 | B44: 27639.807 | C44: 167049.8 | D44: 168265.38 | E44: 169467.7 | F44: =LN(D44/B44) -> 1.8062853 | G44: =(D44/B44) -> 6.0877914
A45: 2019 | B45: 70958.096
A46: 2020 | B46: 64563.269
A47: 2021 | B47: 115592.16
A48: 2022 | B48: 93843.776
A49: 2023 | B49: 138241.33
A50: 2024 | B50: 67895.476

Sheet yield info
A1: AR(1) Model | E1: ENTER DATA HERE FROM R OUTPUT
A2: OY0.9 | B2: 0 | C2: 0 | D2: 0 | E2: 0 | F2: 0 | G2: 0 | H2: 0 | I2: 0 | J2: 0 | K2: 0 | L2: 0 | M2: 0 | N2: 0 | O2: 0 | P2: 0 | Q2: 0 | R2: 0 | S2: 0 | T2: 0 | U2: 0 | V2: 0 | W2: 0 | X2: 0 | Y2: 0 | Z2: 0 | AA2: 0 | AB2: 0 | AC2: 0 | AD2: 0 | AE2: 0 | AF2: 0 | AG2: 0 | AH2: 0 | AI2: 0 | AJ2: 0 | AK2: 0 | AL2: 0 | AM2: 0 | AN2: 0 | AO2: 0 | AP2: 0 | AQ2: 0 | AR2: 0 | AS2: 0 | AT2: 0 | AU2: 0 | AV2: 0 | AW2: 0 | AX2: 0 | AY2: 0 | AZ2: 0 | BA2: 0 | BB2: 0 | BC2: 0 | BD2: 0 | BE2: 0 | BF2: 0 | BG2: 0 | BH2: 0 | BI2: 0 | BJ2: 0 | BK2: 0 | BL2: 0 | BM2: 0 | BN2: 0 | BO2: 0 | BP2: 0 | BQ2: 0 | BR2: 0 | BS2: 0 | BT2: 0 | BU2: 0 | BV2: 0 | BW2: 0 | BX2: 0 | BY2: 0 | BZ2: 0 | CA2: 0 | CB2: 0 | CC2: 0 | CD2: 0 | CE2: 0 | CF2: 0 | CG2: 0 | CH2: 0 | CI2: 0 | CJ2: 0 | CK2: 0 | CL2: 0 | CM2: 0 | CN2: 0 | CO2: 0 | CP2: 0 | CQ2: 0 | CR2: 0 | CS2: 0 | CT2: 0 | CU2: 0 | CV2: 0 | CW2: 0 | CX2: 0 | CY2: 0 | CZ2: 0 | DA2: 0 | DB2: 0 | DC2: 0 | DD2: 0 | DE2: 0 | DF2: 0 | DG2: 0 | DH2: 0 | DI2: 0 | DJ2: 0 | DK2: 0 | DL2: 0 | DM2: 0 | DN2: 0 | DO2: 0 | DP2: 0 | DQ2: 0 | DR2: 0 | DS2: 0 | DT2: 0 | DU2: 0 | DV2: 0 | DW2: 0 | DX2: 0 | DY2: 0 | DZ2: 0 | EA2: 0 | EB2: 0 | EC2: 0 | ED2: 0 | EE2: 0 | EF2: 0 | EG2: 0 | EH2: 0 | EI2: 0 | EJ2: 0 | EK2: 0 | EL2: 0 | EM2: 0 | EN2: 0 | EO2: 0 | EP2: 0 | EQ2: 0 | ER2: 0 | ES2: 0 | ET2: 0 | EU2: 0 | EV2: 0 | EW2: 0 | EX2: 0 | EY2: 0 | EZ2: 0 | FA2: 0 | FB2: 0 | FC2: 0 | FD2: 0 | FE2: 0 | FF2: 0 | FG2: 0 | FH2: 0 | FI2: 0 | FJ2: 0 | FK2: 0 | FL2: 0 | FM2: 0 | FN2: 0 | FO2: 0 | FP2: 0 | FQ2: 0 | FR2: 0 | FS2: 0 | FT2: 0 | FU2: 0 | FV2: 0 | FW2: 0 | FX2: 0 | FY2: 0 | FZ2: 0 | GA2: 0 | GB2: 0 | GC2: 0 | GD2: 0 | GE2: 0 | GF2: 0 | GG2: 0 | GH2: 0 | GI2: 0 | GJ2: 0 | GK2: 0 | GL2: 0 | GM2: 0 | GN2: 0 | GO2: 0 | GP2: 0 | GQ2: 0 | GR2: 0 | GS2: 0 | GT2: 0 | GU2: 0 | GV2: 0 | GW2: 0 | GX2: 0 | GY2: 0 | GZ2: 0 | HA2: 0 | HB2: 0 | HC2: 0 | HD2: 0 | HE2: 0 | HF2: 0 | HG2: 0 | HH2: 0 | HI2: 0 | HJ2: 0 | HK2: 0 | HL2: 0 | HM2: 0 | HN2: 0 | HO2: 0 | HP2: 0 | HQ2: 0 | HR2: 0 | HS2: 0 | HT2: 0 | HU2: 0.00016666667 | HV2: 0.00016666667 | HW2: 0.00033333333 | HX2: 0.00033333333 | HY2: 0.00033333333 | HZ2: 0.00033333333 | IA2: 0.00033333333 | IB2: 5e-04 | IC2: 5e-04 | ID2: 0.00066666667 | IE2: 0.00066666667 | IF2: 0.0011666667 | IG2: 0.0013333333 | IH2: 0.0016666667 | II2: 0.0028333333 | IJ2: 0.0036666667 | IK2: 0.0046666667 | IL2: 0.0055 | IM2: 0.0063333333 | IN2: 0.008 | IO2: 0.0085 | IP2: 0.0091666667 | IQ2: 0.011 | IR2: 0.013 | IS2: 0.0145 | IT2: 0.017666667 | IU2: 0.02 | IV2: 0.022 | IW2: 0.024666667 | IX2: 0.027833333 | IY2: 0.032 | IZ2: 0.034833333 | JA2: 0.040333333 | JB2: 0.044333333 | JC2: 0.0495 | JD2: 0.054833333 | JE2: 0.060833333 | JF2: 0.066333333 | JG2: 0.071833333 | JH2: 0.080333333 | JI2: 0.088166667 | JJ2: 0.096333333 | JK2: 0.1065 | JL2: 0.118 | JM2: 0.12516667 | JN2: 0.13333333 | JO2: 0.14366667 | JP2: 0.1575 | JQ2: 0.169 | JR2: 0.179 | JS2: 0.1895 | JT2: 0.2045 | JU2: 0.21533333 | JV2: 0.23 | JW2: 0.24583333 | JX2: 0.26166667 | JY2: 0.27516667 | JZ2: 0.291 | KA2: 0.3075 | KB2: 0.32483333 | KC2: 0.34216667 | KD2: 0.35833333 | KE2: 0.375 | KF2: 0.392 | KG2: 0.40716667 | KH2: 0.42283333 | KI2: 0.4385 | KJ2: 0.455 | KK2: 0.471 | KL2: 0.48666667 | KM2: 0.50333333 | KN2: 0.51566667 | KO2: 0.53166667 | KP2: 0.54633333 | KQ2: 0.562 | KR2: 0.57316667 | KS2: 0.58666667 | KT2: 0.59966667 | KU2: 0.6145 | KV2: 0.62833333 | KW2: 0.6435 | KX2: 0.65516667 | KY2: 0.668 | KZ2: 0.67983333 | LA2: 0.6935 | LB2: 0.70466667 | LC2: 0.71566667 | LD2: 0.72666667 | LE2: 0.73616667 | LF2: 0.74266667 | LG2: 0.75266667 | LH2: 0.7605 | LI2: 0.77133333 | LJ2: 0.78 | LK2: 0.78733333 | LL2: 0.79716667 | LM2: 0.80483333 | LN2: 0.81116667 | LO2: 0.82083333 | LP2: 0.82933333 | LQ2: 0.83683333 | LR2: 0.84516667 | LS2: 0.8525 | LT2: 0.85883333 | LU2: 0.865 | LV2: 0.87066667 | LW2: 0.87733333 | LX2: 0.88316667 | LY2: 0.88833333 | LZ2: 0.8935 | MA2: 0.897 | MB2: 0.90116667 | MC2: 0.90516667 | MD2: 0.9095 | ME2: 0.91383333 | MF2: 0.918 | MG2: 0.92066667 | MH2: 0.92583333 | MI2: 0.92983333 | MJ2: 0.933 | MK2: 0.93566667 | ML2: 0.93766667 | MM2: 0.93966667 | MN2: 0.943 | MO2: 0.94516667 | MP2: 0.94733333 | MQ2: 0.94883333 | MR2: 0.951 | MS2: 0.95383333 | MT2: 0.9555 | MU2: 0.95733333 | MV2: 0.95916667 | MW2: 0.9605 | MX2: 0.96216667 | MY2: 0.96366667 | MZ2: 0.965 | NA2: 0.96766667 | NB2: 0.969 | NC2: 0.96966667 | ND2: 0.97116667 | NE2: 0.97233333 | NF2: 0.97366667 | NG2: 0.97483333 | NH2: 0.97583333 | NI2: 0.97666667 | NJ2: 0.97883333 | NK2: 0.98 | NL2: 0.9805 | NM2: 0.98183333 | NN2: 0.98266667 | NO2: 0.98316667 | NP2: 0.98383333 | NQ2: 0.98416667 | NR2: 0.98483333 | NS2: 0.9855 | NT2: 0.986 | NU2: 0.9865 | NV2: 0.98683333 | NW2: 0.98783333 | NX2: 0.98833333 | NY2: 0.98866667 | NZ2: 0.98916667 | OA2: 0.9895 | OB2: 0.99 | OC2: 0.9905 | OD2: 0.99116667 | OE2: 0.99183333 | OF2: 0.99216667 | OG2: 0.99216667 | OH2: 0.99233333 | OI2: 0.99233333 | OJ2: 0.99233333 | OK2: 0.9925 | OL2: 0.99266667 | OM2: 0.99316667 | ON2: 0.99333333 | OO2: 0.99366667 | OP2: 0.99366667 | OQ2: 0.99366667 | OR2: 0.99416667 | OS2: 0.99433333 | OT2: 0.99466667 | OU2: 0.995 | OV2: 0.99516667 | OW2: 0.9955 | OX2: 0.9955 | OY2: 0.99566667 | OZ2: 0.99583333 | PA2: 0.99616667 | PB2: 0.99633333 | PC2: 0.9965 | PD2: 0.99666667 | PE2: 0.997 | PF2: 0.99716667 | PG2: 0.99733333 | PH2: 0.99733333 | PI2: 0.99733333 | PJ2: 0.99733333 | PK2: 0.9975 | PL2: 0.9975 | PM2: 0.99783333 | PN2: 0.998 | PO2: 0.99816667 | PP2: 0.9985 | PQ2: 0.9985 | PR2: 0.99866667 | PS2: 0.99866667 | PT2: 0.99883333 | PU2: 0.99883333 | PV2: 0.999 | PW2: 0.99916667 | PX2: 0.99933333 | PY2: 0.99933333 | PZ2: 0.99933333 | QA2: 0.99933333 | QB2: 0.99933333 | QC2: 0.99933333 | QD2: 0.99933333 | QE2: 0.99933333 | QF2: 0.99933333 | QG2: 0.99933333 | QH2: 0.99933333 | QI2: 0.99933333 | QJ2: 0.99933333 | QK2: 0.99933333 | QL2: 0.99933333 | QM2: 0.99933333 | QN2: 0.99933333 | QO2: 0.9995 | QP2: 0.9995 | QQ2: 0.9995 | QR2: 0.9995 | QS2: 0.9995 | QT2: 0.9995 | QU2: 0.9995 | QV2: 0.9995 | QW2: 0.9995 | QX2: 0.9995 | QY2: 0.99966667 | QZ2: 0.99966667 | RA2: 0.99966667 | RB2: 0.99966667 | RC2: 0.99966667 | RD2: 0.99983333 | RE2: 0.99983333 | RF2: 0.99983333 | RG2: 0.99983333 | RH2: 0.99983333 | RI2: 1 | RJ2: 1 | RK2: 1 | RL2: 1 | RM2: 1 | RN2: 1 | RO2: 1 | RP2: 1 | RQ2: 1 | RR2: 1 | RS2: 1 | RT2: 1 | RU2: 1 | RV2: 1 | RW2: 1 | RX2: 1 | RY2: 1 | RZ2: 1 | SA2: 1 | SB2: 1 | SC2: 1 | SD2: 1 | SE2: 1 | SF2: 1 | SG2: 1 | SH2: 1 | SI2: 1 | SJ2: 1 | SK2: 1 | SL2: 1 | SM2: 1 | SN2: 1 | SO2: 1 | SP2: 1 | SQ2: 1 | SR2: 1 | SS2: 1 | ST2: 1 | SU2: 0.99983333 | SV2: 0.99983333 | SW2: 0.99983333 | SX2: 0.99983333 | SY2: 0.99983333 | SZ2: 0.99966667 | TA2: 0.99966667 | TB2: 0.99966667 | TC2: 0.99966667 | TD2: 0.9995 | TE2: 0.9995 | TF2: 0.9995 | TG2: 0.9995 | TH2: 0.9995 | TI2: 0.9995 | TJ2: 0.99916667 | TK2: 0.99916667 | TL2: 0.99883333 | TM2: 0.99883333 | TN2: 0.99833333 | TO2: 0.99816667 | TP2: 0.998 | TQ2: 0.998 | TR2: 0.998 | TS2: 0.998 | TT2: 0.998 | TU2: 0.99766667 | TV2: 0.99733333 | TW2: 0.99683333 | TX2: 0.99633333 | TY2: 0.99583333 | TZ2: 0.99516667 | UA2: 0.99466667 | UB2: 0.99433333 | UC2: 0.99366667 | UD2: 0.99316667 | UE2: 0.99266667 | UF2: 0.99216667 | UG2: 0.992 | UH2: 0.99133333 | UI2: 0.99 | UJ2: 0.98883333 | UK2: 0.9885 | UL2: 0.98833333 | UM2: 0.988 | UN2: 0.987 | UO2: 0.98616667 | UP2: 0.9855 | UQ2: 0.984 | UR2: 0.98266667 | US2: 0.98083333 | UT2: 0.97933333 | UU2: 0.9785 | UV2: 0.97683333 | UW2: 0.97533333 | UX2: 0.974 | UY2: 0.97133333 | UZ2: 0.96966667 | VA2: 0.96816667 | VB2: 0.96616667 | VC2: 0.96433333 | VD2: 0.962 | VE2: 0.96066667 | VF2: 0.95883333 | VG2: 0.9565 | VH2: 0.953 | VI2: 0.95083333 | VJ2: 0.94783333 | VK2: 0.94416667 | VL2: 0.94166667 | VM2: 0.93916667 | VN2: 0.93616667 | VO2: 0.93316667 | VP2: 0.9295 | VQ2: 0.92766667 | VR2: 0.92483333 | VS2: 0.92133333 | VT2: 0.9175 | VU2: 0.91283333 | VV2: 0.90783333 | VW2: 0.90416667 | VX2: 0.90016667 | VY2: 0.895 | VZ2: 0.89133333 | WA2: 0.88633333 | WB2: 0.88183333 | WC2: 0.87683333 | WD2: 0.87183333 | WE2: 0.8675 | WF2: 0.8615 | WG2: 0.856 | WH2: 0.85033333 | WI2: 0.84416667 | WJ2: 0.8395 | WK2: 0.83266667 | WL2: 0.82716667 | WM2: 0.822 | WN2: 0.81633333 | WO2: 0.8105 | WP2: 0.80283333 | WQ2: 0.79633333 | WR2: 0.78883333 | WS2: 0.78166667 | WT2: 0.774 | WU2: 0.7655 | WV2: 0.75783333 | WW2: 0.7505 | WX2: 0.74416667 | WY2: 0.73683333 | WZ2: 0.72833333 | XA2: 0.7215 | XB2: 0.71416667 | XC2: 0.70483333 | XD2: 0.6975 | XE2: 0.68783333 | XF2: 0.68 | XG2: 0.67266667 | XH2: 0.6655 | XI2: 0.65783333 | XJ2: 0.648 | XK2: 0.64033333 | XL2: 0.63016667 | XM2: 0.6235 | XN2: 0.61433333 | XO2: 0.6085 | XP2: 0.599 | XQ2: 0.59233333 | XR2: 0.5835 | XS2: 0.57683333 | XT2: 0.5685 | XU2: 0.55833333 | XV2: 0.55216667 | XW2: 0.54416667 | XX2: 0.53633333 | XY2: 0.528 | XZ2: 0.51833333 | YA2: 0.50766667 | YB2: 0.4995 | YC2: 0.49166667 | YD2: 0.485 | YE2: 0.47733333 | YF2: 0.47083333 | YG2: 0.46333333 | YH2: 0.45716667 | YI2: 0.45083333 | YJ2: 0.4445 | YK2: 0.4375 | YL2: 0.43016667 | YM2: 0.4225 | YN2: 0.41566667 | YO2: 0.40883333 | YP2: 0.40033333 | YQ2: 0.393 | YR2: 0.3865 | YS2: 0.38016667 | YT2: 0.37433333 | YU2: 0.36716667 | YV2: 0.3605 | YW2: 0.35416667 | YX2: 0.34783333 | YY2: 0.34166667 | YZ2: 0.334 | ZA2: 0.32783333 | ZB2: 0.3215 | ZC2: 0.3165 | ZD2: 0.31016667 | ZE2: 0.30283333 | ZF2: 0.29616667 | ZG2: 0.292 | ZH2: 0.28616667 | ZI2: 0.28083333 | ZJ2: 0.27533333 | ZK2: 0.26933333 | ZL2: 0.265 | ZM2: 0.26033333 | ZN2: 0.25583333 | ZO2: 0.25066667 | ZP2: 0.24716667 | ZQ2: 0.24166667 | ZR2: 0.23766667 | ZS2: 0.23333333 | ZT2: 0.2315 | ZU2: 0.225 | ZV2: 0.22183333 | ZW2: 0.2175 | ZX2: 0.21316667 | ZY2: 0.20833333 | ZZ2: 0.20233333 | AAA2: 0.19583333 | AAB2: 0.19233333 | AAC2: 0.18933333 | AAD2: 0.18566667 | AAE2: 0.18133333 | AAF2: 0.17766667 | AAG2: 0.174 | AAH2: 0.1705 | AAI2: 0.16683333 | AAJ2: 0.16433333 | AAK2: 0.1595 | AAL2: 0.15566667 | AAM2: 0.15333333 | AAN2: 0.14916667 | AAO2: 0.14616667 | AAP2: 0.142 | AAQ2: 0.138 | AAR2: 0.13533333 | AAS2: 0.13216667 | AAT2: 0.1295 | AAU2: 0.126 | AAV2: 0.1225 | AAW2: 0.1195 | AAX2: 0.1175 | AAY2: 0.11433333 | AAZ2: 0.112 | ABA2: 0.11016667 | ABB2: 0.1085 | ABC2: 0.107 | ABD2: 0.1045 | ABE2: 0.10266667 | ABF2: 0.10083333 | ABG2: 0.098666667 | ABH2: 0.0965 | ABI2: 0.0935 | ABJ2: 0.091833333 | ABK2: 0.089333333 | ABL2: 0.087666667 | ABM2: 0.085333333 | ABN2: 0.083333333 | ABO2: 0.081666667 | ABP2: 0.08 | ABQ2: 0.077833333 | ABR2: 0.075833333 | ABS2: 0.073666667 | ABT2: 0.072 | ABU2: 0.070833333 | ABV2: 0.068833333 | ABW2: 0.066166667 | ABX2: 0.064166667 | ABY2: 0.062833333 | ABZ2: 0.061833333 | ACA2: 0.060333333 | ACB2: 0.059166667 | ACC2: 0.058166667 | ACD2: 0.057333333 | ACE2: 0.056166667 | ACF2: 0.055166667 | ACG2: 0.0535 | ACH2: 0.053166667 | ACI2: 0.052 | ACJ2: 0.050166667 | ACK2: 0.0495 | ACL2: 0.0485 | ACM2: 0.047333333 | ACN2: 0.046333333 | ACO2: 0.045833333 | ACP2: 0.045 | ACQ2: 0.044333333 | ACR2: 0.042333333 | ACS2: 0.042 | ACT2: 0.041 | ACU2: 0.040166667 | ACV2: 0.04 | ACW2: 0.039166667 | ACX2: 0.037333333 | ACY2: 0.036833333 | ACZ2: 0.035333333 | ADA2: 0.034 | ADB2: 0.033166667 | ADC2: 0.032333333 | ADD2: 0.031666667 | ADE2: 0.031166667 | ADF2: 0.0305 | ADG2: 0.029833333 | ADH2: 0.029166667 | ADI2: 0.029 | ADJ2: 0.028 | ADK2: 0.027666667 | ADL2: 0.027166667 | ADM2: 0.027 | ADN2: 0.0265 | ADO2: 0.026166667 | ADP2: 0.025 | ADQ2: 0.024 | ADR2: 0.023833333 | ADS2: 0.022666667 | ADT2: 0.022 | ADU2: 0.021666667 | ADV2: 0.0205 | ADW2: 0.020166667 | ADX2: 0.019833333 | ADY2: 0.019333333 | ADZ2: 0.019166667 | AEA2: 0.018833333 | AEB2: 0.0185 | AEC2: 0.018333333 | AED2: 0.017666667 | AEE2: 0.017333333 | AEF2: 0.017 | AEG2: 0.016666667 | AEH2: 0.0165 | AEI2: 0.016166667 | AEJ2: 0.0155 | AEK2: 0.015 | AEL2: 0.015 | AEM2: 0.014666667 | AEN2: 0.014333333 | AEO2: 0.013833333 | AEP2: 0.013666667 | AEQ2: 0.013333333 | AER2: 0.012833333 | AES2: 0.012666667 | AET2: 0.0125 | AEU2: 0.012166667 | AEV2: 0.012166667 | AEW2: 0.012 | AEX2: 0.011333333 | AEY2: 0.011 | AEZ2: 0.0105 | AFA2: 0.010333333 | AFB2: 0.01 | AFC2: 0.01 | AFD2: 0.0096666667 | AFE2: 0.0093333333 | AFF2: 0.0093333333 | AFG2: 0.009 | AFH2: 0.009 | AFI2: 0.0088333333 | AFJ2: 0.0086666667 | AFK2: 0.0085 | AFL2: 0.0083333333 | AFM2: 0.0081666667 | AFN2: 0.0081666667 | AFO2: 0.0081666667 | AFP2: 0.0081666667 | AFQ2: 0.008 | AFR2: 0.008 | AFS2: 0.0078333333 | AFT2: 0.0075 | AFU2: 0.0075 | AFV2: 0.0071666667 | AFW2: 0.007 | AFX2: 0.007 | AFY2: 0.007 | AFZ2: 0.007 | AGA2: 0.0066666667 | AGB2: 0.0066666667 | AGC2: 0.0065 | AGD2: 0.0065 | AGE2: 0.0065 | AGF2: 0.0063333333 | AGG2: 0.0063333333 | AGH2: 0.0063333333 | AGI2: 0.0063333333 | AGJ2: 0.0061666667 | AGK2: 0.0061666667 | AGL2: 0.006 | AGM2: 0.0058333333 | AGN2: 0.0056666667 | AGO2: 0.0056666667 | AGP2: 0.0056666667 | AGQ2: 0.0055 | AGR2: 0.0053333333 | AGS2: 0.0051666667 | AGT2: 0.0051666667 | AGU2: 0.0051666667 | AGV2: 0.005 | AGW2: 0.005 | AGX2: 0.0048333333 | AGY2: 0.0046666667 | AGZ2: 0.0045 | AHA2: 0.0043333333 | AHB2: 0.0043333333 | AHC2: 0.0043333333 | AHD2: 0.0043333333 | AHE2: 0.0041666667 | AHF2: 0.004 | AHG2: 0.004 | AHH2: 0.004 | AHI2: 0.004 | AHJ2: 0.0036666667 | AHK2: 0.0035 | AHL2: 0.0033333333 | AHM2: 0.0031666667 | AHN2: 0.0031666667 | AHO2: 0.003 | AHP2: 0.0028333333 | AHQ2: 0.0028333333 | AHR2: 0.0028333333 | AHS2: 0.0028333333 | AHT2: 0.0028333333 | AHU2: 0.0028333333 | AHV2: 0.0028333333 | AHW2: 0.0026666667 | AHX2: 0.0026666667 | AHY2: 0.0025 | AHZ2: 0.0025 | AIA2: 0.0025 | AIB2: 0.0025 | AIC2: 0.0023333333 | AID2: 0.0021666667 | AIE2: 0.0021666667 | AIF2: 0.0021666667 | AIG2: 0.0021666667 | AIH2: 0.0021666667 | AII2: 0.0021666667 | AIJ2: 0.0018333333 | AIK2: 0.0018333333 | AIL2: 0.0018333333 | AIM2: 0.0018333333 | AIN2: 0.0016666667 | AIO2: 0.0016666667 | AIP2: 0.0016666667 | AIQ2: 0.0016666667 | AIR2: 0.0013333333 | AIS2: 0.0013333333 | AIT2: 0.0011666667 | AIU2: 0.0011666667 | AIV2: 0.0011666667 | AIW2: 0.0011666667 | AIX2: 0.0011666667 | AIY2: 0.0011666667 | AIZ2: 0.001 | AJA2: 0.00083333333 | AJB2: 0.00083333333 | AJC2: 0.00083333333 | AJD2: 0.00083333333 | AJE2: 0.00083333333 | AJF2: 0.00083333333 | AJG2: 0.00083333333 | AJH2: 0.00083333333 | AJI2: 0.00083333333 | AJJ2: 0.00083333333 | AJK2: 0.00083333333 | AJL2: 0.00083333333 | AJM2: 0.00083333333 | AJN2: 0.00083333333 | AJO2: 0.00083333333 | AJP2: 0.00083333333 | AJQ2: 0.00083333333 | AJR2: 0.00083333333 | AJS2: 0.00083333333 | AJT2: 0.00083333333 | AJU2: 0.00083333333 | AJV2: 0.00083333333 | AJW2: 0.00083333333 | AJX2: 0.00083333333 | AJY2: 0.00083333333 | AJZ2: 0.00083333333 | AKA2: 0.00083333333 | AKB2: 0.00066666667 | AKC2: 0.00066666667 | AKD2: 0.00066666667 | AKE2: 0.00066666667 | AKF2: 0.00066666667 | AKG2: 0.00066666667 | AKH2: 0.00066666667 | AKI2: 0.00066666667 | AKJ2: 0.00066666667 | AKK2: 0.00066666667 | AKL2: 0.00066666667 | AKM2: 0.00066666667 | AKN2: 0.00066666667 | AKO2: 0.00066666667 | AKP2: 0.00066666667 | AKQ2: 0.00066666667 | AKR2: 0.00066666667 | AKS2: 0.00066666667 | AKT2: 0.00066666667 | AKU2: 0.00066666667 | AKV2: 5e-04 | AKW2: 5e-04 | AKX2: 5e-04 | AKY2: 5e-04 | AKZ2: 5e-04 | ALA2: 0.00033333333 | ALB2: 0.00033333333 | ALC2: 0.00033333333 | ALD2: 0.00033333333 | ALE2: 0.00033333333 | ALF2: 0.00033333333 | ALG2: 0.00033333333 | ALH2: 0.00033333333 | ALI2: 0.00033333333 | ALJ2: 0.00033333333 | ALK2: 0.00033333333 | ALL2: 0.00033333333 | ALM2: 0.00033333333 | ALN2: 0.00016666667 | ALO2: 0.00016666667 | ALP2: 0.00016666667 | ALQ2: 0.00016666667 | ALR2: 0.00016666667 | ALS2: 0.00016666667 | ALT2: 0.00016666667 | ALU2: 0.00016666667 | ALV2: 0.00016666667 | ALW2: 0.00016666667 | ALX2: 0.00016666667 | ALY2: 0.00016666667 | ALZ2: 0.00016666667 | AMA2: 0.00016666667 | AMB2: 0.00016666667 | AMC2: 0 | AMD2: 0 | AME2: 0 | AMF2: 0 | AMG2: 0 | AMH2: 0 | AMI2: 0 | AMJ2: 0 | AMK2: 0 | AML2: 0 | AMM2: 0 | AMN2: 0 | AMO2: 0 | AMP2: 0 | AMQ2: 0 | AMR2: 0 | AMS2: 0 | AMT2: 0 | AMU2: 0 | AMV2: 0 | AMW2: 0 | AMX2: 0 | AMY2: 0 | AMZ2: 0 | ANA2: 0 | ANB2: 0 | ANC2: 0 | AND2: 0 | ANE2: 0 | ANF2: 0 | ANG2: 0 | ANH2: 0 | ANI2: 0 | ANJ2: 0 | ANK2: 0 | ANL2: 0 | ANM2: 0 | ANN2: 0 | ANO2: 0 | ANP2: 0 | ANQ2: 0 | ANR2: 0 | ANS2: 0 | ANT2: 0 | ANU2: 0 | ANV2: 0 | ANW2: 0 | ANX2: 0 | ANY2: 0 | ANZ2: 0 | AOA2: 0 | AOB2: 0 | AOC2: 0 | AOD2: 0 | AOE2: 0 | AOF2: 0 | AOG2: 0 | AOH2: 0 | AOI2: 0 | AOJ2: 0 | AOK2: 0 | AOL2: 0 | AOM2: 0 | AON2: 0 | AOO2: 0 | AOP2: 0 | AOQ2: 0 | AOR2: 0 | AOS2: 0 | AOT2: 0 | AOU2: 0 | AOV2: 0 | AOW2: 0 | AOX2: 0 | AOY2: 0 | AOZ2: 0 | APA2: 0 | APB2: 0 | APC2: 0 | APD2: 0 | APE2: 0 | APF2: 0 | APG2: 0 | APH2: 0 | API2: 0 | APJ2: 0 | APK2: 0 | APL2: 0 | APM2: 0 | APN2: 0 | APO2: 0 | APP2: 0 | APQ2: 0 | APR2: 0 | APS2: 0 | APT2: 0 | APU2: 0 | APV2: 0 | APW2: 0 | APX2: 0 | APY2: 0 | APZ2: 0 | AQA2: 0 | AQB2: 0 | AQC2: 0 | AQD2: 0 | AQE2: 0 | AQF2: 0 | AQG2: 0 | AQH2: 0 | AQI2: 0 | AQJ2: 0 | AQK2: 0 | AQL2: 0 | AQM2: 0 | AQN2: 0 | AQO2: 0 | AQP2: 0 | AQQ2: 0 | AQR2: 0 | AQS2: 0 | AQT2: 0 | AQU2: 0 | AQV2: 0 | AQW2: 0 | AQX2: 0 | AQY2: 0 | AQZ2: 0 | ARA2: 0 | ARB2: 0 | ARC2: 0 | ARD2: 0 | ARE2: 0 | ARF2: 0 | ARG2: 0 | ARH2: 0 | ARI2: 0 | ARJ2: 0 | ARK2: 0 | ARL2: 0 | ARM2: 0 | ARN2: 0 | ARO2: 0 | ARP2: 0 | ARQ2: 0 | ARR2: 0 | ARS2: 0 | ART2: 0 | ARU2: 0 | ARV2: 0 | ARW2: 0 | ARX2: 0 | ARY2: 0 | ARZ2: 0 | ASA2: 0 | ASB2: 0 | ASC2: 0 | ASD2: 0 | ASE2: 0 | ASF2: 0 | ASG2: 0 | ASH2: 0 | ASI2: 0 | ASJ2: 0 | ASK2: 0 | ASL2: 0 | ASM2: 0 | ASN2: 0 | ASO2: 0 | ASP2: 0 | ASQ2: 0 | ASR2: 0 | ASS2: 0 | AST2: 0 | ASU2: 0 | ASV2: 0 | ASW2: 0 | ASX2: 0 | ASY2: 0 | ASZ2: 0 | ATA2: 0 | ATB2: 0 | ATC2: 0 | ATD2: 0 | ATE2: 0 | ATF2: 0 | ATG2: 0 | ATH2: 0 | ATI2: 0 | ATJ2: 0 | ATK2: 0 | ATL2: 0 | ATM2: 0 | ATN2: 0 | ATO2: 0 | ATP2: 0 | ATQ2: 0 | ATR2: 0 | ATS2: 0 | ATT2: 0 | ATU2: 0 | ATV2: 0 | ATW2: 0 | ATX2: 0 | ATY2: 0 | ATZ2: 0 | AUA2: 0 | AUB2: 0 | AUC2: 0 | AUD2: 0 | AUE2: 0 | AUF2: 0 | AUG2: 0 | AUH2: 0 | AUI2: 0 | AUJ2: 0 | AUK2: 0 | AUL2: 0 | AUM2: 0 | AUN2: 0 | AUO2: 0 | AUP2: 0 | AUQ2: 0 | AUR2: 0 | AUS2: 0 | AUT2: 0 | AUU2: 0 | AUV2: 0 | AUW2: 0 | AUX2: 0 | AUY2: 0 | AUZ2: 0 | AVA2: 0 | AVB2: 0 | AVC2: 0 | AVD2: 0 | AVE2: 0 | AVF2: 0 | AVG2: 0 | AVH2: 0 | AVI2: 0 | AVJ2: 0 | AVK2: 0 | AVL2: 0 | AVM2: 0 | AVN2: 0 | AVO2: 0 | AVP2: 0 | AVQ2: 0 | AVR2: 0 | AVS2: 0 | AVT2: 0 | AVU2: 0 | AVV2: 0 | AVW2: 0 | AVX2: 0 | AVY2: 0 | AVZ2: 0 | AWA2: 0 | AWB2: 0 | AWC2: 0 | AWD2: 0 | AWE2: 0 | AWF2: 0 | AWG2: 0 | AWH2: 0 | AWI2: 0 | AWJ2: 0 | AWK2: 0 | AWL2: 0 | AWM2: 0 | AWN2: 0 | AWO2: 0 | AWP2: 0 | AWQ2: 0 | AWR2: 0 | AWS2: 0 | AWT2: 0 | AWU2: 0 | AWV2: 0 | AWW2: 0 | AWX2: 0 | AWY2: 0 | AWZ2: 0 | AXA2: 0 | AXB2: 0 | AXC2: 0 | AXD2: 0 | AXE2: 0 | AXF2: 0 | AXG2: 0 | AXH2: 0 | AXI2: 0 | AXJ2: 0 | AXK2: 0 | AXL2: 0 | AXM2: 0 | AXN2: 0 | AXO2: 0 | AXP2: 0 | AXQ2: 0 | AXR2: 0 | AXS2: 0 | AXT2: 0 | AXU2: 0 | AXV2: 0 | AXW2: 0 | AXX2: 0 | AXY2: 0 | AXZ2: 0 | AYA2: 0 | AYB2: 0 | AYC2: 0 | AYD2: 0 | AYE2: 0 | AYF2: 0 | AYG2: 0 | AYH2: 0 | AYI2: 0 | AYJ2: 0 | AYK2: 0 | AYL2: 0 | AYM2: 0 | AYN2: 0 | AYO2: 0 | AYP2: 0 | AYQ2: 0 | AYR2: 0 | AYS2: 0 | AYT2: 0 | AYU2: 0 | AYV2: 0 | AYW2: 0 | AYX2: 0 | AYY2: 0 | AYZ2: 0 | AZA2: 0 | AZB2: 0 | AZC2: 0 | AZD2: 0 | AZE2: 0 | AZF2: 0 | AZG2: 0 | AZH2: 0 | AZI2: 0 | AZJ2: 0 | AZK2: 0 | AZL2: 0 | AZM2: 0 | AZN2: 0 | AZO2: 0 | AZP2: 0 | AZQ2: 0 | AZR2: 0 | AZS2: 0 | AZT2: 0 | AZU2: 0 | AZV2: 0 | AZW2: 0 | AZX2: 0 | AZY2: 0 | AZZ2: 0 | BAA2: 0 | BAB2: 0 | BAC2: 0 | BAD2: 0 | BAE2: 0 | BAF2: 0 | BAG2: 0 | BAH2: 0 | BAI2: 0 | BAJ2: 0 | BAK2: 0 | BAL2: 0 | BAM2: 0 | BAN2: 0 | BAO2: 0 | BAP2: 0 | BAQ2: 0 | BAR2: 0 | BAS2: 0 | BAT2: 0 | BAU2: 0 | BAV2: 0 | BAW2: 0 | BAX2: 0 | BAY2: 0 | BAZ2: 0 | BBA2: 0 | BBB2: 0 | BBC2: 0 | BBD2: 0 | BBE2: 0 | BBF2: 0 | BBG2: 0 | BBH2: 0 | BBI2: 0 | BBJ2: 0 | BBK2: 0 | BBL2: 0 | BBM2: 0 | BBN2: 0 | BBO2: 0 | BBP2: 0 | BBQ2: 0 | BBR2: 0 | BBS2: 0 | BBT2: 0 | BBU2: 0 | BBV2: 0 | BBW2: 0 | BBX2: 0 | BBY2: 0 | BBZ2: 0 | BCA2: 0 | BCB2: 0 | BCC2: 0 | BCD2: 0 | BCE2: 0 | BCF2: 0 | BCG2: 0 | BCH2: 0 | BCI2: 0 | BCJ2: 0 | BCK2: 0 | BCL2: 0 | BCM2: 0 | BCN2: 0 | BCO2: 0 | BCP2: 0 | BCQ2: 0 | BCR2: 0 | BCS2: 0 | BCT2: 0 | BCU2: 0 | BCV2: 0 | BCW2: 0 | BCX2: 0 | BCY2: 0 | BCZ2: 0 | BDA2: 0 | BDB2: 0 | BDC2: 0 | BDD2: 0 | BDE2: 0 | BDF2: 0 | BDG2: 0 | BDH2: 0 | BDI2: 0 | BDJ2: 0 | BDK2: 0 | BDL2: 0 | BDM2: 0 | BDN2: 0 | BDO2: 0 | BDP2: 0 | BDQ2: 0 | BDR2: 0 | BDS2: 0 | BDT2: 0 | BDU2: 0 | BDV2: 0 | BDW2: 0 | BDX2: 0 | BDY2: 0 | BDZ2: 0 | BEA2: 0 | BEB2: 0 | BEC2: 0 | BED2: 0 | BEE2: 0 | BEF2: 0 | BEG2: 0 | BEH2: 0 | BEI2: 0 | BEJ2: 0 | BEK2: 0 | BEL2: 0 | BEM2: 0 | BEN2: 0 | BEO2: 0 | BEP2: 0 | BEQ2: 0 | BER2: 0 | BES2: 0 | BET2: 0 | BEU2: 0 | BEV2: 0 | BEW2: 0 | BEX2: 0 | BEY2: 0 | BEZ2: 0 | BFA2: 0 | BFB2: 0 | BFC2: 0 | BFD2: 0 | BFE2: 0 | BFF2: 0 | BFG2: 0 | BFH2: 0 | BFI2: 0 | BFJ2: 0 | BFK2: 0 | BFL2: 0 | BFM2: 0 | BFN2: 0 | BFO2: 0 | BFP2: 0 | BFQ2: 0 | BFR2: 0 | BFS2: 0 | BFT2: 0 | BFU2: 0 | BFV2: 0 | BFW2: 0 | BFX2: 0 | BFY2: 0 | BFZ2: 0 | BGA2: 0 | BGB2: 0 | BGC2: 0 | BGD2: 0 | BGE2: 0 | BGF2: 0 | BGG2: 0 | BGH2: 0 | BGI2: 0 | BGJ2: 0 | BGK2: 0 | BGL2: 0 | BGM2: 0 | BGN2: 0 | BGO2: 0 | BGP2: 0 | BGQ2: 0 | BGR2: 0 | BGS2: 0 | BGT2: 0 | BGU2: 0 | BGV2: 0 | BGW2: 0 | BGX2: 0 | BGY2: 0 | BGZ2: 0 | BHA2: 0 | BHB2: 0 | BHC2: 0 | BHD2: 0 | BHE2: 0 | BHF2: 0 | BHG2: 0 | BHH2: 0 | BHI2: 0 | BHJ2: 0 | BHK2: 0 | BHL2: 0 | BHM2: 0 | BHN2: 0 | BHO2: 0 | BHP2: 0 | BHQ2: 0 | BHR2: 0 | BHS2: 0 | BHT2: 0 | BHU2: 0 | BHV2: 0 | BHW2: 0 | BHX2: 0 | BHY2: 0 | BHZ2: 0 | BIA2: 0 | BIB2: 0 | BIC2: 0 | BID2: 0 | BIE2: 0 | BIF2: 0 | BIG2: 0 | BIH2: 0 | BII2: 0 | BIJ2: 0 | BIK2: 0 | BIL2: 0 | BIM2: 0 | BIN2: 0 | BIO2: 0 | BIP2: 0 | BIQ2: 0 | BIR2: 0 | BIS2: 0 | BIT2: 0 | BIU2: 0 | BIV2: 0 | BIW2: 0 | BIX2: 0 | BIY2: 0 | BIZ2: 0 | BJA2: 0 | BJB2: 0 | BJC2: 0 | BJD2: 0 | BJE2: 0 | BJF2: 0 | BJG2: 0 | BJH2: 0 | BJI2: 0 | BJJ2: 0 | BJK2: 0 | BJL2: 0 | BJM2: 0 | BJN2: 0 | BJO2: 0 | BJP2: 0 | BJQ2: 0 | BJR2: 0 | BJS2: 0 | BJT2: 0 | BJU2: 0 | BJV2: 0 | BJW2: 0 | BJX2: 0 | BJY2: 0 | BJZ2: 0 | BKA2: 0 | BKB2: 0 | BKC2: 0 | BKD2: 0 | BKE2: 0 | BKF2: 0 | BKG2: 0 | BKH2: 0 | BKI2: 0 | BKJ2: 0 | BKK2: 0 | BKL2: 0 | BKM2: 0 | BKN2: 0 | BKO2: 0 | BKP2: 0 | BKQ2: 0 | BKR2: 0 | BKS2: 0 | BKT2: 0 | BKU2: 0 | BKV2: 0 | BKW2: 0 | BKX2: 0 | BKY2: 0 | BKZ2: 0 | BLA2: 0 | BLB2: 0 | BLC2: 0 | BLD2: 0 | BLE2: 0 | BLF2: 0 | BLG2: 0 | BLH2: 0 | BLI2: 0 | BLJ2: 0 | BLK2: 0 | BLL2: 0 | BLM2: 0 | BLN2: 0 | BLO2: 0 | BLP2: 0 | BLQ2: 0 | BLR2: 0 | BLS2: 0 | BLT2: 0 | BLU2: 0 | BLV2: 0 | BLW2: 0 | BLX2: 0 | BLY2: 0 | BLZ2: 0 | BMA2: 0 | BMB2: 0 | BMC2: 0 | BMD2: 0 | BME2: 0 | BMF2: 0 | BMG2: 0 | BMH2: 0 | BMI2: 0 | BMJ2: 0 | BMK2: 0 | BML2: 0 | BMM2: 0 | BMN2: 0 | BMO2: 0 | BMP2: 0 | BMQ2: 0 | BMR2: 0 | BMS2: 0 | BMT2: 0 | BMU2: 0 | BMV2: 0 | BMW2: 0 | BMX2: 0 | BMY2: 0 | BMZ2: 0 | BNA2: 0 | BNB2: 0 | BNC2: 0 | BND2: 0 | BNE2: 0 | BNF2: 0 | BNG2: 0 | BNH2: 0 | BNI2: 0 | BNJ2: 0 | BNK2: 0 | BNL2: 0 | BNM2: 0 | BNN2: 0 | BNO2: 0 | BNP2: 0 | BNQ2: 0 | BNR2: 0 | BNS2: 0 | BNT2: 0 | BNU2: 0 | BNV2: 0 | BNW2: 0 | BNX2: 0 | BNY2: 0 | BNZ2: 0 | BOA2: 0 | BOB2: 0 | BOC2: 0 | BOD2: 0 | BOE2: 0 | BOF2: 0 | BOG2: 0 | BOH2: 0 | BOI2: 0 | BOJ2: 0 | BOK2: 0 | BOL2: 0 | BOM2: 0 | BON2: 0 | BOO2: 0 | BOP2: 0 | BOQ2: 0 | BOR2: 0 | BOS2: 0 | BOT2: 0 | BOU2: 0 | BOV2: 0 | BOW2: 0 | BOX2: 0 | BOY2: 0 | BOZ2: 0 | BPA2: 0 | BPB2: 0 | BPC2: 0 | BPD2: 0 | BPE2: 0 | BPF2: 0 | BPG2: 0 | BPH2: 0 | BPI2: 0 | BPJ2: 0 | BPK2: 0 | BPL2: 0 | BPM2: 0 | BPN2: 0 | BPO2: 0 | BPP2: 0 | BPQ2: 0 | BPR2: 0 | BPS2: 0 | BPT2: 0 | BPU2: 0 | BPV2: 0 | BPW2: 0 | BPX2: 0 | BPY2: 0 | BPZ2: 0 | BQA2: 0 | BQB2: 0 | BQC2: 0 | BQD2: 0 | BQE2: 0 | BQF2: 0 | BQG2: 0 | BQH2: 0 | BQI2: 0 | BQJ2: 0 | BQK2: 0 | BQL2: 0 | BQM2: 0 | BQN2: 0 | BQO2: 0 | BQP2: 0 | BQQ2: 0 | BQR2: 0 | BQS2: 0 | BQT2: 0 | BQU2: 0 | BQV2: 0 | BQW2: 0 | BQX2: 0 | BQY2: 0 | BQZ2: 0 | BRA2: 0 | BRB2: 0 | BRC2: 0 | BRD2: 0 | BRE2: 0 | BRF2: 0 | BRG2: 0 | BRH2: 0 | BRI2: 0 | BRJ2: 0 | BRK2: 0 | BRL2: 0 | BRM2: 0 | BRN2: 0 | BRO2: 0 | BRP2: 0 | BRQ2: 0 | BRR2: 0 | BRS2: 0 | BRT2: 0 | BRU2: 0 | BRV2: 0 | BRW2: 0 | BRX2: 0 | BRY2: 0 | BRZ2: 0 | BSA2: 0 | BSB2: 0 | BSC2: 0 | BSD2: 0 | BSE2: 0 | BSF2: 0 | BSG2: 0 | BSH2: 0 | BSI2: 0 | BSJ2: 0 | BSK2: 0 | BSL2: 0 | BSM2: 0 | BSN2: 0 | BSO2: 0 | BSP2: 0 | BSQ2: 0 | BSR2: 0 | BSS2: 0 | BST2: 0 | BSU2: 0 | BSV2: 0 | BSW2: 0 | BSX2: 0 | BSY2: 0 | BSZ2: 0 | BTA2: 0 | BTB2: 0 | BTC2: 0 | BTD2: 0 | BTE2: 0 | BTF2: 0 | BTG2: 0 | BTH2: 0 | BTI2: 0 | BTJ2: 0 | BTK2: 0 | BTL2: 0 | BTM2: 0 | BTN2: 0 | BTO2: 0 | BTP2: 0 | BTQ2: 0 | BTR2: 0 | BTS2: 0 | BTT2: 0 | BTU2: 0 | BTV2: 0 | BTW2: 0 | BTX2: 0 | BTY2: 0 | BTZ2: 0 | BUA2: 0 | BUB2: 0 | BUC2: 0 | BUD2: 0 | BUE2: 0 | BUF2: 0 | BUG2: 0 | BUH2: 0 | BUI2: 0 | BUJ2: 0 | BUK2: 0 | BUL2: 0 | BUM2: 0 | BUN2: 0 | BUO2: 0 | BUP2: 0 | BUQ2: 0 | BUR2: 0 | BUS2: 0 | BUT2: 0 | BUU2: 0 | BUV2: 0 | BUW2: 0 | BUX2: 0 | BUY2: 0 | BUZ2: 0 | BVA2: 0 | BVB2: 0 | BVC2: 0 | BVD2: 0 | BVE2: 0 | BVF2: 0 | BVG2: 0 | BVH2: 0 | BVI2: 0 | BVJ2: 0 | BVK2: 0 | BVL2: 0 | BVM2: 0 | BVN2: 0 | BVO2: 0 | BVP2: 0 | BVQ2: 0 | BVR2: 0 | BVS2: 0 | BVT2: 0 | BVU2: 0 | BVV2: 0 | BVW2: 0 | BVX2: 0 | BVY2: 0 | BVZ2: 0 | BWA2: 0 | BWB2: 0 | BWC2: 0 | BWD2: 0 | BWE2: 0 | BWF2: 0 | BWG2: 0 | BWH2: 0 | BWI2: 0 | BWJ2: 0 | BWK2: 0 | BWL2: 0 | BWM2: 0 | BWN2: 0 | BWO2: 0 | BWP2: 0 | BWQ2: 0 | BWR2: 0 | BWS2: 0 | BWT2: 0 | BWU2: 0 | BWV2: 0 | BWW2: 0 | BWX2: 0 | BWY2: 0 | BWZ2: 0 | BXA2: 0 | BXB2: 0 | BXC2: 0 | BXD2: 0 | BXE2: 0 | BXF2: 0 | BXG2: 0 | BXH2: 0 | BXI2: 0 | BXJ2: 0 | BXK2: 0 | BXL2: 0 | BXM2: 0 | BXN2: 0 | BXO2: 0 | BXP2: 0 | BXQ2: 0 | BXR2: 0 | BXS2: 0 | BXT2: 0 | BXU2: 0 | BXV2: 0 | BXW2: 0 | BXX2: 0 | BXY2: 0 | BXZ2: 0 | BYA2: 0 | BYB2: 0 | BYC2: 0 | BYD2: 0 | BYE2: 0 | BYF2: 0 | BYG2: 0 | BYH2: 0 | BYI2: 0 | BYJ2: 0 | BYK2: 0 | BYL2: 0 | BYM2: 0 | BYN2: 0 | BYO2: 0 | BYP2: 0 | BYQ2: 0 | BYR2: 0 | BYS2: 0 | BYT2: 0 | BYU2: 0 | BYV2: 0 | BYW2: 0 | BYX2: 0 | BYY2: 0 | BYZ2: 0 | BZA2: 0 | BZB2: 0 | BZC2: 0 | BZD2: 0 | BZE2: 0 | BZF2: 0 | BZG2: 0 | BZH2: 0 | BZI2: 0 | BZJ2: 0 | BZK2: 0 | BZL2: 0 | BZM2: 0 | BZN2: 0 | BZO2: 0 | BZP2: 0 | BZQ2: 0 | BZR2: 0 | BZS2: 0 | BZT2: 0 | BZU2: 0 | BZV2: 0 | BZW2: 0 | BZX2: 0 | BZY2: 0 | BZZ2: 0 | CAA2: 0 | CAB2: 0 | CAC2: 0 | CAD2: 0 | CAE2: 0 | CAF2: 0 | CAG2: 0 | CAH2: 0 | CAI2: 0 | CAJ2: 0 | CAK2: 0 | CAL2: 0 | CAM2: 0 | CAN2: 0 | CAO2: 0 | CAP2: 0 | CAQ2: 0 | CAR2: 0 | CAS2: 0 | CAT2: 0 | CAU2: 0 | CAV2: 0 | CAW2: 0 | CAX2: 0 | CAY2: 0 | CAZ2: 0 | CBA2: 0 | CBB2: 0 | CBC2: 0 | CBD2: 0 | CBE2: 0 | CBF2: 0 | CBG2: 0 | CBH2: 0 | CBI2: 0 | CBJ2: 0 | CBK2: 0 | CBL2: 0 | CBM2: 0 | CBN2: 0 | CBO2: 0 | CBP2: 0 | CBQ2: 0 | CBR2: 0 | CBS2: 0 | CBT2: 0 | CBU2: 0 | CBV2: 0 | CBW2: 0 | CBX2: 0 | CBY2: 0 | CBZ2: 0 | CCA2: 0 | CCB2: 0 | CCC2: 0 | CCD2: 0 | CCE2: 0 | CCF2: 0 | CCG2: 0 | CCH2: 0 | CCI2: 0 | CCJ2: 0 | CCK2: 0 | CCL2: 0 | CCM2: 0 | CCN2: 0 | CCO2: 0 | CCP2: 0 | CCQ2: 0 | CCR2: 0 | CCS2: 0 | CCT2: 0 | CCU2: 0 | CCV2: 0 | CCW2: 0 | CCX2: 0 | CCY2: 0 | CCZ2: 0 | CDA2: 0 | CDB2: 0 | CDC2: 0 | CDD2: 0 | CDE2: 0 | CDF2: 0 | CDG2: 0 | CDH2: 0 | CDI2: 0 | CDJ2: 0 | CDK2: 0 | CDL2: 0 | CDM2: 0 | CDN2: 0 | CDO2: 0 | CDP2: 0 | CDQ2: 0 | CDR2: 0 | CDS2: 0 | CDT2: 0 | CDU2: 0 | CDV2: 0 | CDW2: 0 | CDX2: 0 | CDY2: 0 | CDZ2: 0 | CEA2: 0 | CEB2: 0 | CEC2: 0 | CED2: 0 | CEE2: 0 | CEF2: 0 | CEG2: 0 | CEH2: 0 | CEI2: 0 | CEJ2: 0 | CEK2: 0 | CEL2: 0 | CEM2: 0 | CEN2: 0 | CEO2: 0 | CEP2: 0 | CEQ2: 0 | CER2: 0 | CES2: 0 | CET2: 0 | CEU2: 0 | CEV2: 0 | CEW2: 0 | CEX2: 0 | CEY2: 0 | CEZ2: 0 | CFA2: 0 | CFB2: 0 | CFC2: 0 | CFD2: 0 | CFE2: 0 | CFF2: 0 | CFG2: 0 | CFH2: 0 | CFI2: 0 | CFJ2: 0 | CFK2: 0 | CFL2: 0 | CFM2: 0 | CFN2: 0 | CFO2: 0 | CFP2: 0 | CFQ2: 0 | CFR2: 0 | CFS2: 0 | CFT2: 0 | CFU2: 0 | CFV2: 0 | CFW2: 0 | CFX2: 0 | CFY2: 0 | CFZ2: 0 | CGA2: 0 | CGB2: 0 | CGC2: 0 | CGD2: 0 | CGE2: 0 | CGF2: 0 | CGG2: 0 | CGH2: 0 | CGI2: 0 | CGJ2: 0 | CGK2: 0 | CGL2: 0 | CGM2: 0 | CGN2: 0 | CGO2: 0 | CGP2: 0 | CGQ2: 0 | CGR2: 0 | CGS2: 0 | CGT2: 0 | CGU2: 0 | CGV2: 0 | CGW2: 0 | CGX2: 0 | CGY2: 0 | CGZ2: 0 | CHA2: 0 | CHB2: 0 | CHC2: 0 | CHD2: 0 | CHE2: 0 | CHF2: 0 | CHG2: 0 | CHH2: 0 | CHI2: 0 | CHJ2: 0 | CHK2: 0 | CHL2: 0 | CHM2: 0 | CHN2: 0 | CHO2: 0 | CHP2: 0 | CHQ2: 0 | CHR2: 0 | CHS2: 0 | CHT2: 0 | CHU2: 0 | CHV2: 0 | CHW2: 0 | CHX2: 0 | CHY2: 0 | CHZ2: 0 | CIA2: 0 | CIB2: 0 | CIC2: 0 | CID2: 0 | CIE2: 0 | CIF2: 0 | CIG2: 0 | CIH2: 0 | CII2: 0 | CIJ2: 0 | CIK2: 0 | CIL2: 0 | CIM2: 0 | CIN2: 0 | CIO2: 0 | CIP2: 0 | CIQ2: 0 | CIR2: 0 | CIS2: 0 | CIT2: 0 | CIU2: 0 | CIV2: 0 | CIW2: 0 | CIX2: 0 | CIY2: 0 | CIZ2: 0 | CJA2: 0 | CJB2: 0 | CJC2: 0 | CJD2: 0 | CJE2: 0 | CJF2: 0 | CJG2: 0 | CJH2: 0 | CJI2: 0 | CJJ2: 0 | CJK2: 0 | CJL2: 0 | CJM2: 0 | CJN2: 0 | CJO2: 0 | CJP2: 0 | CJQ2: 0 | CJR2: 0 | CJS2: 0 | CJT2: 0 | CJU2: 0 | CJV2: 0 | CJW2: 0 | CJX2: 0 | CJY2: 0 | CJZ2: 0 | CKA2: 0 | CKB2: 0 | CKC2: 0 | CKD2: 0 | CKE2: 0 | CKF2: 0 | CKG2: 0 | CKH2: 0 | CKI2: 0 | CKJ2: 0 | CKK2: 0 | CKL2: 0 | CKM2: 0 | CKN2: 0 | CKO2: 0 | CKP2: 0 | CKQ2: 0 | CKR2: 0 | CKS2: 0 | CKT2: 0 | CKU2: 0 | CKV2: 0 | CKW2: 0 | CKX2: 0 | CKY2: 0 | CKZ2: 0 | CLA2: 0 | CLB2: 0 | CLC2: 0 | CLD2: 0 | CLE2: 0 | CLF2: 0 | CLG2: 0 | CLH2: 0 | CLI2: 0 | CLJ2: 0 | CLK2: 0 | CLL2: 0 | CLM2: 0 | CLN2: 0 | CLO2: 0 | CLP2: 0 | CLQ2: 0 | CLR2: 0 | CLS2: 0 | CLT2: 0 | CLU2: 0 | CLV2: 0 | CLW2: 0 | CLX2: 0 | CLY2: 0 | CLZ2: 0 | CMA2: 0 | CMB2: 0 | CMC2: 0 | CMD2: 0 | CME2: 0 | CMF2: 0 | CMG2: 0 | CMH2: 0 | CMI2: 0 | CMJ2: 0 | CMK2: 0 | CML2: 0 | CMM2: 0 | CMN2: 0 | CMO2: 0 | CMP2: 0 | CMQ2: 0 | CMR2: 0 | CMS2: 0 | CMT2: 0 | CMU2: 0 | CMV2: 0 | CMW2: 0 | CMX2: 0 | CMY2: 0 | CMZ2: 0 | CNA2: 0 | CNB2: 0 | CNC2: 0 | CND2: 0 | CNE2: 0 | CNF2: 0 | CNG2: 0 | CNH2: 0 | CNI2: 0 | CNJ2: 0 | CNK2: 0 | CNL2: 0 | CNM2: 0 | CNN2: 0 | CNO2: 0 | CNP2: 0 | CNQ2: 0 | CNR2: 0 | CNS2: 0 | CNT2: 0 | CNU2: 0 | CNV2: 0 | CNW2: 0 | CNX2: 0 | CNY2: 0 | CNZ2: 0 | COA2: 0 | COB2: 0 | COC2: 0 | COD2: 0 | COE2: 0 | COF2: 0 | COG2: 0 | COH2: 0 | COI2: 0 | COJ2: 0 | COK2: 0 | COL2: 0 | COM2: 0 | CON2: 0 | COO2: 0 | COP2: 0 | COQ2: 0 | COR2: 0 | COS2: 0 | COT2: 0 | COU2: 0 | COV2: 0 | COW2: 0 | COX2: 0 | COY2: 0 | COZ2: 0 | CPA2: 0 | CPB2: 0 | CPC2: 0 | CPD2: 0 | CPE2: 0 | CPF2: 0 | CPG2: 0 | CPH2: 0 | CPI2: 0 | CPJ2: 0 | CPK2: 0 | CPL2: 0 | CPM2: 0 | CPN2: 0 | CPO2: 0 | CPP2: 0 | CPQ2: 0 | CPR2: 0 | CPS2: 0 | CPT2: 0 | CPU2: 0 | CPV2: 0 | CPW2: 0 | CPX2: 0 | CPY2: 0 | CPZ2: 0 | CQA2: 0 | CQB2: 0 | CQC2: 0 | CQD2: 0 | CQE2: 0 | CQF2: 0 | CQG2: 0 | CQH2: 0 | CQI2: 0 | CQJ2: 0 | CQK2: 0 | CQL2: 0 | CQM2: 0 | CQN2: 0 | CQO2: 0 | CQP2: 0 | CQQ2: 0 | CQR2: 0 | CQS2: 0 | CQT2: 0 | CQU2: 0 | CQV2: 0 | CQW2: 0 | CQX2: 0 | CQY2: 0 | CQZ2: 0 | CRA2: 0 | CRB2: 0 | CRC2: 0 | CRD2: 0 | CRE2: 0 | CRF2: 0 | CRG2: 0 | CRH2: 0 | CRI2: 0 | CRJ2: 0 | CRK2: 0 | CRL2: 0 | CRM2: 0 | CRN2: 0 | CRO2: 0 | CRP2: 0 | CRQ2: 0 | CRR2: 0 | CRS2: 0 | CRT2: 0 | CRU2: 0 | CRV2: 0 | CRW2: 0 | CRX2: 0 | CRY2: 0 | CRZ2: 0 | CSA2: 0 | CSB2: 0 | CSC2: 0 | CSD2: 0 | CSE2: 0 | CSF2: 0 | CSG2: 0 | CSH2: 0 | CSI2: 0 | CSJ2: 0 | CSK2: 0 | CSL2: 0 | CSM2: 0 | CSN2: 0 | CSO2: 0 | CSP2: 0 | CSQ2: 0 | CSR2: 0 | CSS2: 0 | CST2: 0 | CSU2: 0 | CSV2: 0 | CSW2: 0 | CSX2: 0 | CSY2: 0 | CSZ2: 0 | CTA2: 0 | CTB2: 0 | CTC2: 0 | CTD2: 0 | CTE2: 0 | CTF2: 0 | CTG2: 0 | CTH2: 0 | CTI2: 0 | CTJ2: 0 | CTK2: 0 | CTL2: 0 | CTM2: 0 | CTN2: 0 | CTO2: 0 | CTP2: 0 | CTQ2: 0 | CTR2: 0 | CTS2: 0 | CTT2: 0 | CTU2: 0 | CTV2: 0 | CTW2: 0 | CTX2: 0 | CTY2: 0 | CTZ2: 0 | CUA2: 0 | CUB2: 0 | CUC2: 0 | CUD2: 0 | CUE2: 0 | CUF2: 0 | CUG2: 0 | CUH2: 0 | CUI2: 0 | CUJ2: 0 | CUK2: 0 | CUL2: 0 | CUM2: 0 | CUN2: 0 | CUO2: 0 | CUP2: 0 | CUQ2: 0 | CUR2: 0 | CUS2: 0 | CUT2: 0 | CUU2: 0 | CUV2: 0 | CUW2: 0 | CUX2: 0 | CUY2: 0 | CUZ2: 0 | CVA2: 0 | CVB2: 0 | CVC2: 0 | CVD2: 0 | CVE2: 0 | CVF2: 0 | CVG2: 0 | CVH2: 0 | CVI2: 0 | CVJ2: 0 | CVK2: 0 | CVL2: 0 | CVM2: 0 | CVN2: 0 | CVO2: 0 | CVP2: 0 | CVQ2: 0 | CVR2: 0 | CVS2: 0 | CVT2: 0 | CVU2: 0 | CVV2: 0 | CVW2: 0 | CVX2: 0 | CVY2: 0 | CVZ2: 0 | CWA2: 0 | CWB2: 0 | CWC2: 0 | CWD2: 0 | CWE2: 0 | CWF2: 0 | CWG2: 0 | CWH2: 0 | CWI2: 0 | CWJ2: 0 | CWK2: 0 | CWL2: 0 | CWM2: 0 | CWN2: 0 | CWO2: 0 | CWP2: 0 | CWQ2: 0 | CWR2: 0 | CWS2: 0 | CWT2: 0 | CWU2: 0 | CWV2: 0 | CWW2: 0 | CWX2: 0 | CWY2: 0 | CWZ2: 0 | CXA2: 0 | CXB2: 0 | CXC2: 0 | CXD2: 0 | CXE2: 0 | CXF2: 0 | CXG2: 0 | CXH2: 0 | CXI2: 0 | CXJ2: 0 | CXK2: 0 | CXL2: 0 | CXM2: 0 | CXN2: 0 | CXO2: 0 | CXP2: 0 | CXQ2: 0 | CXR2: 0 | CXS2: 0 | CXT2: 0 | CXU2: 0 | CXV2: 0 | CXW2: 0 | CXX2: 0 | CXY2: 0 | CXZ2: 0 | CYA2: 0 | CYB2: 0 | CYC2: 0 | CYD2: 0 | CYE2: 0 | CYF2: 0 | CYG2: 0 | CYH2: 0 | CYI2: 0 | CYJ2: 0 | CYK2: 0 | CYL2: 0 | CYM2: 0 | CYN2: 0 | CYO2: 0 | CYP2: 0 | CYQ2: 0 | CYR2: 0 | CYS2: 0 | CYT2: 0 | CYU2: 0 | CYV2: 0 | CYW2: 0 | CYX2: 0 | CYY2: 0 | CYZ2: 0 | CZA2: 0 | CZB2: 0 | CZC2: 0 | CZD2: 0 | CZE2: 0 | CZF2: 0 | CZG2: 0 | CZH2: 0 | CZI2: 0 | CZJ2: 0 | CZK2: 0 | CZL2: 0 | CZM2: 0 | CZN2: 0 | CZO2: 0 | CZP2: 0 | CZQ2: 0 | CZR2: 0 | CZS2: 0 | CZT2: 0 | CZU2: 0 | CZV2: 0 | CZW2: 0 | CZX2: 0 | CZY2: 0 | CZZ2: 0 | DAA2: 0 | DAB2: 0 | DAC2: 0 | DAD2: 0 | DAE2: 0 | DAF2: 0 | DAG2: 0 | DAH2: 0 | DAI2: 0 | DAJ2: 0 | DAK2: 0 | DAL2: 0 | DAM2: 0 | DAN2: 0 | DAO2: 0 | DAP2: 0 | DAQ2: 0 | DAR2: 0 | DAS2: 0 | DAT2: 0 | DAU2: 0 | DAV2: 0 | DAW2: 0 | DAX2: 0 | DAY2: 0 | DAZ2: 0 | DBA2: 0 | DBB2: 0 | DBC2: 0 | DBD2: 0 | DBE2: 0 | DBF2: 0 | DBG2: 0 | DBH2: 0 | DBI2: 0 | DBJ2: 0 | DBK2: 0 | DBL2: 0 | DBM2: 0 | DBN2: 0 | DBO2: 0 | DBP2: 0 | DBQ2: 0 | DBR2: 0 | DBS2: 0 | DBT2: 0 | DBU2: 0 | DBV2: 0 | DBW2: 0 | DBX2: 0 | DBY2: 0 | DBZ2: 0 | DCA2: 0 | DCB2: 0 | DCC2: 0 | DCD2: 0 | DCE2: 0 | DCF2: 0 | DCG2: 0 | DCH2: 0 | DCI2: 0 | DCJ2: 0 | DCK2: 0 | DCL2: 0 | DCM2: 0 | DCN2: 0 | DCO2: 0 | DCP2: 0 | DCQ2: 0 | DCR2: 0 | DCS2: 0 | DCT2: 0 | DCU2: 0 | DCV2: 0 | DCW2: 0 | DCX2: 0 | DCY2: 0 | DCZ2: 0 | DDA2: 0 | DDB2: 0 | DDC2: 0 | DDD2: 0 | DDE2: 0 | DDF2: 0 | DDG2: 0 | DDH2: 0 | DDI2: 0 | DDJ2: 0 | DDK2: 0 | DDL2: 0 | DDM2: 0 | DDN2: 0 | DDO2: 0 | DDP2: 0 | DDQ2: 0 | DDR2: 0 | DDS2: 0 | DDT2: 0 | DDU2: 0 | DDV2: 0 | DDW2: 0 | DDX2: 0 | DDY2: 0 | DDZ2: 0 | DEA2: 0 | DEB2: 0 | DEC2: 0 | DED2: 0 | DEE2: 0 | DEF2: 0 | DEG2: 0 | DEH2: 0 | DEI2: 0 | DEJ2: 0 | DEK2: 0 | DEL2: 0 | DEM2: 0 | DEN2: 0 | DEO2: 0 | DEP2: 0 | DEQ2: 0 | DER2: 0 | DES2: 0 | DET2: 0 | DEU2: 0 | DEV2: 0 | DEW2: 0 | DEX2: 0 | DEY2: 0 | DEZ2: 0 | DFA2: 0 | DFB2: 0 | DFC2: 0 | DFD2: 0 | DFE2: 0 | DFF2: 0 | DFG2: 0 | DFH2: 0 | DFI2: 0 | DFJ2: 0 | DFK2: 0 | DFL2: 0 | DFM2: 0 | DFN2: 0 | DFO2: 0 | DFP2: 0 | DFQ2: 0 | DFR2: 0 | DFS2: 0 | DFT2: 0 | DFU2: 0 | DFV2: 0 | DFW2: 0 | DFX2: 0 | DFY2: 0 | DFZ2: 0 | DGA2: 0 | DGB2: 0 | DGC2: 0 | DGD2: 0 | DGE2: 0 | DGF2: 0 | DGG2: 0 | DGH2: 0 | DGI2: 0 | DGJ2: 0 | DGK2: 0 | DGL2: 0 | DGM2: 0 | DGN2: 0 | DGO2: 0 | DGP2: 0 | DGQ2: 0 | DGR2: 0 | DGS2: 0 | DGT2: 0 | DGU2: 0 | DGV2: 0 | DGW2: 0 | DGX2: 0 | DGY2: 0 | DGZ2: 0 | DHA2: 0 | DHB2: 0 | DHC2: 0 | DHD2: 0 | DHE2: 0 | DHF2: 0 | DHG2: 0 | DHH2: 0 | DHI2: 0 | DHJ2: 0 | DHK2: 0 | DHL2: 0 | DHM2: 0 | DHN2: 0 | DHO2: 0 | DHP2: 0 | DHQ2: 0 | DHR2: 0 | DHS2: 0 | DHT2: 0 | DHU2: 0 | DHV2: 0 | DHW2: 0 | DHX2: 0 | DHY2: 0 | DHZ2: 0 | DIA2: 0 | DIB2: 0 | DIC2: 0 | DID2: 0 | DIE2: 0 | DIF2: 0 | DIG2: 0 | DIH2: 0 | DII2: 0 | DIJ2: 0 | DIK2: 0 | DIL2: 0 | DIM2: 0 | DIN2: 0 | DIO2: 0 | DIP2: 0 | DIQ2: 0 | DIR2: 0 | DIS2: 0 | DIT2: 0 | DIU2: 0 | DIV2: 0 | DIW2: 0 | DIX2: 0 | DIY2: 0 | DIZ2: 0 | DJA2: 0 | DJB2: 0 | DJC2: 0 | DJD2: 0 | DJE2: 0 | DJF2: 0 | DJG2: 0 | DJH2: 0 | DJI2: 0 | DJJ2: 0 | DJK2: 0 | DJL2: 0 | DJM2: 0 | DJN2: 0 | DJO2: 0 | DJP2: 0 | DJQ2: 0 | DJR2: 0 | DJS2: 0 | DJT2: 0 | DJU2: 0 | DJV2: 0 | DJW2: 0 | DJX2: 0 | DJY2: 0 | DJZ2: 0 | DKA2: 0 | DKB2: 0 | DKC2: 0 | DKD2: 0 | DKE2: 0 | DKF2: 0 | DKG2: 0 | DKH2: 0 | DKI2: 0 | DKJ2: 0 | DKK2: 0 | DKL2: 0 | DKM2: 0 | DKN2: 0 | DKO2: 0 | DKP2: 0 | DKQ2: 0 | DKR2: 0 | DKS2: 0 | DKT2: 0 | DKU2: 0 | DKV2: 0 | DKW2: 0 | DKX2: 0 | DKY2: 0 | DKZ2: 0 | DLA2: 0 | DLB2: 0 | DLC2: 0 | DLD2: 0 | DLE2: 0 | DLF2: 0 | DLG2: 0 | DLH2: 0 | DLI2: 0 | DLJ2: 0 | DLK2: 0 | DLL2: 0 | DLM2: 0 | DLN2: 0 | DLO2: 0 | DLP2: 0 | DLQ2: 0 | DLR2: 0 | DLS2: 0 | DLT2: 0 | DLU2: 0 | DLV2: 0 | DLW2: 0 | DLX2: 0 | DLY2: 0 | DLZ2: 0 | DMA2: 0 | DMB2: 0 | DMC2: 0 | DMD2: 0 | DME2: 0 | DMF2: 0 | DMG2: 0 | DMH2: 0 | DMI2: 0 | DMJ2: 0 | DMK2: 0 | DML2: 0 | DMM2: 0 | DMN2: 0 | DMO2: 0 | DMP2: 0 | DMQ2: 0 | DMR2: 0 | DMS2: 0 | DMT2: 0 | DMU2: 0 | DMV2: 0 | DMW2: 0 | DMX2: 0 | DMY2: 0 | DMZ2: 0 | DNA2: 0 | DNB2: 0 | DNC2: 0 | DND2: 0 | DNE2: 0 | DNF2: 0 | DNG2: 0 | DNH2: 0 | DNI2: 0 | DNJ2: 0 | DNK2: 0 | DNL2: 0 | DNM2: 0 | DNN2: 0 | DNO2: 0 | DNP2: 0 | DNQ2: 0 | DNR2: 0 | DNS2: 0 | DNT2: 0 | DNU2: 0 | DNV2: 0 | DNW2: 0 | DNX2: 0 | DNY2: 0 | DNZ2: 0 | DOA2: 0 | DOB2: 0 | DOC2: 0 | DOD2: 0 | DOE2: 0 | DOF2: 0 | DOG2: 0 | DOH2: 0 | DOI2: 0 | DOJ2: 0 | DOK2: 0 | DOL2: 0 | DOM2: 0 | DON2: 0 | DOO2: 0 | DOP2: 0 | DOQ2: 0 | DOR2: 0 | DOS2: 0 | DOT2: 0 | DOU2: 0 | DOV2: 0 | DOW2: 0 | DOX2: 0 | DOY2: 0 | DOZ2: 0 | DPA2: 0 | DPB2: 0 | DPC2: 0 | DPD2: 0 | DPE2: 0 | DPF2: 0 | DPG2: 0 | DPH2: 0 | DPI2: 0 | DPJ2: 0 | DPK2: 0 | DPL2: 0 | DPM2: 0 | DPN2: 0 | DPO2: 0 | DPP2: 0 | DPQ2: 0 | DPR2: 0 | DPS2: 0 | DPT2: 0 | DPU2: 0 | DPV2: 0 | DPW2: 0 | DPX2: 0 | DPY2: 0 | DPZ2: 0 | DQA2: 0 | DQB2: 0 | DQC2: 0 | DQD2: 0 | DQE2: 0 | DQF2: 0 | DQG2: 0 | DQH2: 0 | DQI2: 0 | DQJ2: 0 | DQK2: 0 | DQL2: 0 | DQM2: 0 | DQN2: 0 | DQO2: 0 | DQP2: 0 | DQQ2: 0 | DQR2: 0 | DQS2: 0 | DQT2: 0 | DQU2: 0 | DQV2: 0 | DQW2: 0 | DQX2: 0 | DQY2: 0 | DQZ2: 0 | DRA2: 0 | DRB2: 0 | DRC2: 0 | DRD2: 0 | DRE2: 0 | DRF2: 0 | DRG2: 0 | DRH2: 0 | DRI2: 0 | DRJ2: 0 | DRK2: 0 | DRL2: 0 | DRM2: 0 | DRN2: 0 | DRO2: 0 | DRP2: 0 | DRQ2: 0 | DRR2: 0 | DRS2: 0 | DRT2: 0 | DRU2: 0 | DRV2: 0 | DRW2: 0 | DRX2: 0 | DRY2: 0 | DRZ2: 0 | DSA2: 0 | DSB2: 0 | DSC2: 0 | DSD2: 0 | DSE2: 0 | DSF2: 0 | DSG2: 0 | DSH2: 0 | DSI2: 0 | DSJ2: 0 | DSK2: 0 | DSL2: 0 | DSM2: 0 | DSN2: 0 | DSO2: 0 | DSP2: 0 | DSQ2: 0 | DSR2: 0 | DSS2: 0 | DST2: 0 | DSU2: 0 | DSV2: 0 | DSW2: 0 | DSX2: 0 | DSY2: 0 | DSZ2: 0 | DTA2: 0 | DTB2: 0 | DTC2: 0 | DTD2: 0 | DTE2: 0 | DTF2: 0 | DTG2: 0 | DTH2: 0 | DTI2: 0 | DTJ2: 0 | DTK2: 0 | DTL2: 0 | DTM2: 0 | DTN2: 0 | DTO2: 0 | DTP2: 0 | DTQ2: 0 | DTR2: 0 | DTS2: 0 | DTT2: 0 | DTU2: 0 | DTV2: 0 | DTW2: 0 | DTX2: 0 | DTY2: 0 | DTZ2: 0 | DUA2: 0 | DUB2: 0 | DUC2: 0 | DUD2: 0 | DUE2: 0 | DUF2: 0 | DUG2: 0 | DUH2: 0 | DUI2: 0 | DUJ2: 0 | DUK2: 0 | DUL2: 0 | DUM2: 0 | DUN2: 0 | DUO2: 0 | DUP2: 0 | DUQ2: 0 | DUR2: 0 | DUS2: 0 | DUT2: 0 | DUU2: 0 | DUV2: 0 | DUW2: 0 | DUX2: 0 | DUY2: 0 | DUZ2: 0 | DVA2: 0 | DVB2: 0 | DVC2: 0 | DVD2: 0 | DVE2: 0 | DVF2: 0 | DVG2: 0 | DVH2: 0 | DVI2: 0 | DVJ2: 0 | DVK2: 0 | DVL2: 0 | DVM2: 0 | DVN2: 0 | DVO2: 0 | DVP2: 0 | DVQ2: 0 | DVR2: 0 | DVS2: 0 | DVT2: 0 | DVU2: 0 | DVV2: 0 | DVW2: 0 | DVX2: 0 | DVY2: 0 | DVZ2: 0 | DWA2: 0 | DWB2: 0 | DWC2: 0 | DWD2: 0 | DWE2: 0 | DWF2: 0 | DWG2: 0 | DWH2: 0 | DWI2: 0 | DWJ2: 0 | DWK2: 0 | DWL2: 0 | DWM2: 0 | DWN2: 0 | DWO2: 0 | DWP2: 0 | DWQ2: 0 | DWR2: 0 | DWS2: 0 | DWT2: 0 | DWU2: 0 | DWV2: 0 | DWW2: 0 | DWX2: 0 | DWY2: 0 | DWZ2: 0 | DXA2: 0 | DXB2: 0 | DXC2: 0 | DXD2: 0 | DXE2: 0 | DXF2: 0 | DXG2: 0 | DXH2: 0 | DXI2: 0 | DXJ2: 0 | DXK2: 0 | DXL2: 0 | DXM2: 0 | DXN2: 0 | DXO2: 0 | DXP2: 0 | DXQ2: 0 | DXR2: 0 | DXS2: 0 | DXT2: 0 | DXU2: 0 | DXV2: 0 | DXW2: 0 | DXX2: 0 | DXY2: 0 | DXZ2: 0 | DYA2: 0 | DYB2: 0 | DYC2: 0 | DYD2: 0 | DYE2: 0 | DYF2: 0 | DYG2: 0 | DYH2: 0 | DYI2: 0 | DYJ2: 0 | DYK2: 0 | DYL2: 0 | DYM2: 0 | DYN2: 0 | DYO2: 0 | DYP2: 0 | DYQ2: 0 | DYR2: 0 | DYS2: 0 | DYT2: 0 | DYU2: 0 | DYV2: 0 | DYW2: 0 | DYX2: 0 | DYY2: 0 | DYZ2: 0 | DZA2: 0 | DZB2: 0 | DZC2: 0 | DZD2: 0 | DZE2: 0 | DZF2: 0 | DZG2: 0 | DZH2: 0 | DZI2: 0 | DZJ2: 0 | DZK2: 0 | DZL2: 0 | DZM2: 0 | DZN2: 0 | DZO2: 0 | DZP2: 0 | DZQ2: 0 | DZR2: 0 | DZS2: 0 | DZT2: 0 | DZU2: 0 | DZV2: 0 | DZW2: 0 | DZX2: 0 | DZY2: 0 | DZZ2: 0 | EAA2: 0 | EAB2: 0 | EAC2: 0 | EAD2: 0 | EAE2: 0 | EAF2: 0 | EAG2: 0 | EAH2: 0 | EAI2: 0 | EAJ2: 0 | EAK2: 0 | EAL2: 0 | EAM2: 0 | EAN2: 0 | EAO2: 0 | EAP2: 0 | EAQ2: 0 | EAR2: 0 | EAS2: 0 | EAT2: 0 | EAU2: 0 | EAV2: 0 | EAW2: 0 | EAX2: 0 | EAY2: 0 | EAZ2: 0 | EBA2: 0 | EBB2: 0 | EBC2: 0 | EBD2: 0 | EBE2: 0 | EBF2: 0 | EBG2: 0 | EBH2: 0 | EBI2: 0 | EBJ2: 0 | EBK2: 0 | EBL2: 0 | EBM2: 0 | EBN2: 0 | EBO2: 0 | EBP2: 0 | EBQ2: 0 | EBR2: 0 | EBS2: 0 | EBT2: 0 | EBU2: 0 | EBV2: 0 | EBW2: 0 | EBX2: 0 | EBY2: 0 | EBZ2: 0 | ECA2: 0 | ECB2: 0 | ECC2: 0 | ECD2: 0 | ECE2: 0 | ECF2: 0 | ECG2: 0 | ECH2: 0 | ECI2: 0 | ECJ2: 0 | ECK2: 0 | ECL2: 0 | ECM2: 0 | ECN2: 0 | ECO2: 0 | ECP2: 0 | ECQ2: 0 | ECR2: 0 | ECS2: 0 | ECT2: 0 | ECU2: 0 | ECV2: 0 | ECW2: 0 | ECX2: 0 | ECY2: 0 | ECZ2: 0 | EDA2: 0 | EDB2: 0 | EDC2: 0 | EDD2: 0 | EDE2: 0 | EDF2: 0 | EDG2: 0 | EDH2: 0 | EDI2: 0 | EDJ2: 0 | EDK2: 0 | EDL2: 0 | EDM2: 0 | EDN2: 0 | EDO2: 0 | EDP2: 0 | EDQ2: 0 | EDR2: 0 | EDS2: 0 | EDT2: 0 | EDU2: 0 | EDV2: 0 | EDW2: 0 | EDX2: 0 | EDY2: 0 | EDZ2: 0 | EEA2: 0 | EEB2: 0 | EEC2: 0 | EED2: 0 | EEE2: 0 | EEF2: 0 | EEG2: 0 | EEH2: 0 | EEI2: 0 | EEJ2: 0 | EEK2: 0 | EEL2: 0 | EEM2: 0 | EEN2: 0 | EEO2: 0 | EEP2: 0 | EEQ2: 0 | EER2: 0 | EES2: 0 | EET2: 0 | EEU2: 0 | EEV2: 0 | EEW2: 0 | EEX2: 0 | EEY2: 0 | EEZ2: 0 | EFA2: 0 | EFB2: 0 | EFC2: 0 | EFD2: 0 | EFE2: 0 | EFF2: 0 | EFG2: 0 | EFH2: 0 | EFI2: 0 | EFJ2: 0 | EFK2: 0 | EFL2: 0 | EFM2: 0 | EFN2: 0 | EFO2: 0 | EFP2: 0 | EFQ2: 0 | EFR2: 0 | EFS2: 0 | EFT2: 0 | EFU2: 0 | EFV2: 0 | EFW2: 0 | EFX2: 0 | EFY2: 0 | EFZ2: 0 | EGA2: 0 | EGB2: 0 | EGC2: 0 | EGD2: 0 | EGE2: 0 | EGF2: 0 | EGG2: 0 | EGH2: 0 | EGI2: 0 | EGJ2: 0 | EGK2: 0 | EGL2: 0 | EGM2: 0 | EGN2: 0 | EGO2: 0 | EGP2: 0 | EGQ2: 0 | EGR2: 0 | EGS2: 0 | EGT2: 0 | EGU2: 0 | EGV2: 0 | EGW2: 0 | EGX2: 0 | EGY2: 0 | EGZ2: 0 | EHA2: 0 | EHB2: 0 | EHC2: 0 | EHD2: 0 | EHE2: 0 | EHF2: 0 | EHG2: 0 | EHH2: 0 | EHI2: 0 | EHJ2: 0 | EHK2: 0 | EHL2: 0 | EHM2: 0 | EHN2: 0 | EHO2: 0 | EHP2: 0 | EHQ2: 0 | EHR2: 0 | EHS2: 0 | EHT2: 0 | EHU2: 0 | EHV2: 0 | EHW2: 0 | EHX2: 0 | EHY2: 0 | EHZ2: 0 | EIA2: 0 | EIB2: 0 | EIC2: 0 | EID2: 0 | EIE2: 0 | EIF2: 0 | EIG2: 0 | EIH2: 0 | EII2: 0 | EIJ2: 0 | EIK2: 0 | EIL2: 0 | EIM2: 0 | EIN2: 0 | EIO2: 0 | EIP2: 0 | EIQ2: 0 | EIR2: 0 | EIS2: 0 | EIT2: 0 | EIU2: 0 | EIV2: 0 | EIW2: 0 | EIX2: 0 | EIY2: 0 | EIZ2: 0 | EJA2: 0 | EJB2: 0 | EJC2: 0 | EJD2: 0 | EJE2: 0 | EJF2: 0 | EJG2: 0 | EJH2: 0 | EJI2: 0 | EJJ2: 0 | EJK2: 0 | EJL2: 0 | EJM2: 0 | EJN2: 0 | EJO2: 0 | EJP2: 0 | EJQ2: 0 | EJR2: 0 | EJS2: 0 | EJT2: 0 | EJU2: 0 | EJV2: 0 | EJW2: 0 | EJX2: 0 | EJY2: 0 | EJZ2: 0 | EKA2: 0 | EKB2: 0 | EKC2: 0 | EKD2: 0 | EKE2: 0 | EKF2: 0 | EKG2: 0 | EKH2: 0 | EKI2: 0 | EKJ2: 0 | EKK2: 0 | EKL2: 0 | EKM2: 0 | EKN2: 0 | EKO2: 0 | EKP2: 0 | EKQ2: 0 | EKR2: 0 | EKS2: 0 | EKT2: 0 | EKU2: 0 | EKV2: 0 | EKW2: 0 | EKX2: 0 | EKY2: 0 | EKZ2: 0 | ELA2: 0 | ELB2: 0 | ELC2: 0 | ELD2: 0 | ELE2: 0 | ELF2: 0 | ELG2: 0 | ELH2: 0 | ELI2: 0 | ELJ2: 0 | ELK2: 0 | ELL2: 0 | ELM2: 0 | ELN2: 0 | ELO2: 0 | ELP2: 0 | ELQ2: 0 | ELR2: 0 | ELS2: 0 | ELT2: 0 | ELU2: 0 | ELV2: 0 | ELW2: 0 | ELX2: 0 | ELY2: 0 | ELZ2: 0 | EMA2: 0 | EMB2: 0 | EMC2: 0 | EMD2: 0 | EME2: 0 | EMF2: 0 | EMG2: 0 | EMH2: 0 | EMI2: 0 | EMJ2: 0 | EMK2: 0 | EML2: 0 | EMM2: 0 | EMN2: 0 | EMO2: 0 | EMP2: 0 | EMQ2: 0 | EMR2: 0 | EMS2: 0 | EMT2: 0 | EMU2: 0 | EMV2: 0 | EMW2: 0 | EMX2: 0 | EMY2: 0 | EMZ2: 0 | ENA2: 0 | ENB2: 0 | ENC2: 0 | END2: 0 | ENE2: 0 | ENF2: 0 | ENG2: 0 | ENH2: 0 | ENI2: 0 | ENJ2: 0 | ENK2: 0 | ENL2: 0 | ENM2: 0 | ENN2: 0 | ENO2: 0 | ENP2: 0 | ENQ2: 0 | ENR2: 0 | ENS2: 0 | ENT2: 0 | ENU2: 0 | ENV2: 0 | ENW2: 0 | ENX2: 0 | ENY2: 0 | ENZ2: 0 | EOA2: 0 | EOB2: 0 | EOC2: 0 | EOD2: 0 | EOE2: 0 | EOF2: 0 | EOG2: 0 | EOH2: 0 | EOI2: 0 | EOJ2: 0 | EOK2: 0 | EOL2: 0 | EOM2: 0 | EON2: 0 | EOO2: 0 | EOP2: 0 | EOQ2: 0 | EOR2: 0 | EOS2: 0 | EOT2: 0 | EOU2: 0 | EOV2: 0 | EOW2: 0 | EOX2: 0 | EOY2: 0 | EOZ2: 0 | EPA2: 0 | EPB2: 0 | EPC2: 0 | EPD2: 0 | EPE2: 0 | EPF2: 0 | EPG2: 0 | EPH2: 0 | EPI2: 0 | EPJ2: 0 | EPK2: 0 | EPL2: 0 | EPM2: 0 | EPN2: 0 | EPO2: 0 | EPP2: 0 | EPQ2: 0 | EPR2: 0 | EPS2: 0 | EPT2: 0 | EPU2: 0 | EPV2: 0 | EPW2: 0 | EPX2: 0 | EPY2: 0 | EPZ2: 0 | EQA2: 0 | EQB2: 0 | EQC2: 0 | EQD2: 0 | EQE2: 0 | EQF2: 0 | EQG2: 0 | EQH2: 0 | EQI2: 0 | EQJ2: 0 | EQK2: 0 | EQL2: 0 | EQM2: 0 | EQN2: 0 | EQO2: 0 | EQP2: 0 | EQQ2: 0 | EQR2: 0 | EQS2: 0 | EQT2: 0 | EQU2: 0 | EQV2: 0 | EQW2: 0 | EQX2: 0 | EQY2: 0 | EQZ2: 0 | ERA2: 0 | ERB2: 0 | ERC2: 0 | ERD2: 0 | ERE2: 0 | ERF2: 0 | ERG2: 0 | ERH2: 0 | ERI2: 0 | ERJ2: 0 | ERK2: 0 | ERL2: 0 | ERM2: 0 | ERN2: 0 | ERO2: 0 | ERP2: 0 | ERQ2: 0 | ERR2: 0 | ERS2: 0 | ERT2: 0 | ERU2: 0 | ERV2: 0 | ERW2: 0 | ERX2: 0 | ERY2: 0 | ERZ2: 0 | ESA2: 0 | ESB2: 0 | ESC2: 0 | ESD2: 0 | ESE2: 0 | ESF2: 0 | ESG2: 0 | ESH2: 0 | ESI2: 0 | ESJ2: 0 | ESK2: 0 | ESL2: 0 | ESM2: 0 | ESN2: 0 | ESO2: 0 | ESP2: 0 | ESQ2: 0 | ESR2: 0 | ESS2: 0 | EST2: 0 | ESU2: 0 | ESV2: 0 | ESW2: 0 | ESX2: 0 | ESY2: 0 | ESZ2: 0 | ETA2: 0 | ETB2: 0 | ETC2: 0 | ETD2: 0 | ETE2: 0 | ETF2: 0 | ETG2: 0 | ETH2: 0 | ETI2: 0 | ETJ2: 0 | ETK2: 0 | ETL2: 0 | ETM2: 0 | ETN2: 0 | ETO2: 0 | ETP2: 0 | ETQ2: 0 | ETR2: 0 | ETS2: 0 | ETT2: 0 | ETU2: 0 | ETV2: 0 | ETW2: 0 | ETX2: 0 | ETY2: 0 | ETZ2: 0 | EUA2: 0 | EUB2: 0 | EUC2: 0 | EUD2: 0 | EUE2: 0 | EUF2: 0 | EUG2: 0 | EUH2: 0 | EUI2: 0 | EUJ2: 0 | EUK2: 0 | EUL2: 0 | EUM2: 0 | EUN2: 0 | EUO2: 0 | EUP2: 0 | EUQ2: 0 | EUR2: 0 | EUS2: 0 | EUT2: 0 | EUU2: 0 | EUV2: 0 | EUW2: 0 | EUX2: 0 | EUY2: 0 | EUZ2: 0 | EVA2: 0 | EVB2: 0 | EVC2: 0 | EVD2: 0 | EVE2: 0 | EVF2: 0 | EVG2: 0 | EVH2: 0 | EVI2: 0 | EVJ2: 0 | EVK2: 0 | EVL2: 0 | EVM2: 0 | EVN2: 0 | EVO2: 0 | EVP2: 0 | EVQ2: 0 | EVR2: 0 | EVS2: 0 | EVT2: 0 | EVU2: 0 | EVV2: 0 | EVW2: 0 | EVX2: 0 | EVY2: 0 | EVZ2: 0 | EWA2: 0 | EWB2: 0 | EWC2: 0 | EWD2: 0 | EWE2: 0 | EWF2: 0 | EWG2: 0 | EWH2: 0 | EWI2: 0 | EWJ2: 0 | EWK2: 0 | EWL2: 0 | EWM2: 0 | EWN2: 0 | EWO2: 0 | EWP2: 0 | EWQ2: 0 | EWR2: 0 | EWS2: 0 | EWT2: 0 | EWU2: 0 | EWV2: 0 | EWW2: 0 | EWX2: 0 | EWY2: 0
A3: OR0.9 | B3: 0 | C3: 0 | D3: 0 | E3: 0 | F3: 0 | G3: 0 | H3: 0 | I3: 0 | J3: 0 | K3: 0 | L3: 0 | M3: 0 | N3: 0 | O3: 0 | P3: 0 | Q3: 0 | R3: 0 | S3: 0 | T3: 0 | U3: 0 | V3: 0 | W3: 0 | X3: 0 | Y3: 0 | Z3: 0 | AA3: 0 | AB3: 0 | AC3: 0 | AD3: 0 | AE3: 0 | AF3: 0 | AG3: 0 | AH3: 0 | AI3: 0 | AJ3: 0 | AK3: 0 | AL3: 0 | AM3: 0 | AN3: 0 | AO3: 0 | AP3: 0 | AQ3: 0 | AR3: 0 | AS3: 0 | AT3: 0 | AU3: 0 | AV3: 0 | AW3: 0 | AX3: 0 | AY3: 0 | AZ3: 0 | BA3: 0 | BB3: 0 | BC3: 0 | BD3: 0 | BE3: 0 | BF3: 0 | BG3: 0 | BH3: 0 | BI3: 0 | BJ3: 0 | BK3: 0 | BL3: 0 | BM3: 0 | BN3: 0 | BO3: 0 | BP3: 0 | BQ3: 0 | BR3: 0 | BS3: 0 | BT3: 0 | BU3: 0 | BV3: 0 | BW3: 0 | BX3: 0 | BY3: 0 | BZ3: 0 | CA3: 0 | CB3: 0 | CC3: 0 | CD3: 0 | CE3: 0 | CF3: 0 | CG3: 0 | CH3: 0 | CI3: 0 | CJ3: 0 | CK3: 0 | CL3: 0 | CM3: 0 | CN3: 0 | CO3: 0 | CP3: 0 | CQ3: 0 | CR3: 0 | CS3: 0 | CT3: 0 | CU3: 0 | CV3: 0 | CW3: 0 | CX3: 0 | CY3: 0 | CZ3: 0 | DA3: 0 | DB3: 0 | DC3: 0 | DD3: 0 | DE3: 0 | DF3: 0 | DG3: 0 | DH3: 0 | DI3: 0 | DJ3: 0 | DK3: 0 | DL3: 0 | DM3: 0 | DN3: 0 | DO3: 0 | DP3: 0 | DQ3: 0 | DR3: 0 | DS3: 0 | DT3: 0 | DU3: 0 | DV3: 0 | DW3: 0 | DX3: 0 | DY3: 0 | DZ3: 0 | EA3: 0 | EB3: 0 | EC3: 0 | ED3: 0 | EE3: 0 | EF3: 0 | EG3: 0 | EH3: 0 | EI3: 0 | EJ3: 0 | EK3: 0 | EL3: 0 | EM3: 0 | EN3: 0 | EO3: 0 | EP3: 0 | EQ3: 0 | ER3: 0 | ES3: 0 | ET3: 0 | EU3: 0 | EV3: 0 | EW3: 0 | EX3: 0 | EY3: 0 | EZ3: 0 | FA3: 0 | FB3: 0 | FC3: 0 | FD3: 0 | FE3: 0 | FF3: 0 | FG3: 0 | FH3: 0 | FI3: 0 | FJ3: 0 | FK3: 0 | FL3: 0 | FM3: 0 | FN3: 0 | FO3: 0 | FP3: 0 | FQ3: 0 | FR3: 0 | FS3: 0 | FT3: 0 | FU3: 0 | FV3: 0 | FW3: 0 | FX3: 0 | FY3: 0 | FZ3: 0 | GA3: 0 | GB3: 0 | GC3: 0 | GD3: 0 | GE3: 0 | GF3: 0 | GG3: 0 | GH3: 0 | GI3: 0 | GJ3: 0 | GK3: 0 | GL3: 0 | GM3: 0 | GN3: 0 | GO3: 0 | GP3: 0 | GQ3: 0 | GR3: 0 | GS3: 0 | GT3: 0 | GU3: 0 | GV3: 0 | GW3: 0 | GX3: 0 | GY3: 0 | GZ3: 0 | HA3: 0 | HB3: 0 | HC3: 0 | HD3: 0 | HE3: 0 | HF3: 0 | HG3: 0 | HH3: 0 | HI3: 0 | HJ3: 0 | HK3: 0 | HL3: 0 | HM3: 0 | HN3: 0 | HO3: 0 | HP3: 0 | HQ3: 0 | HR3: 0 | HS3: 0 | HT3: 0 | HU3: 0 | HV3: 0 | HW3: 0 | HX3: 0 | HY3: 0 | HZ3: 0 | IA3: 0 | IB3: 0 | IC3: 0 | ID3: 0 | IE3: 0 | IF3: 0 | IG3: 0 | IH3: 0 | II3: 0 | IJ3: 0 | IK3: 0 | IL3: 0 | IM3: 0 | IN3: 0 | IO3: 0 | IP3: 0 | IQ3: 0 | IR3: 0 | IS3: 0 | IT3: 0 | IU3: 0 | IV3: 0 | IW3: 0 | IX3: 0 | IY3: 0 | IZ3: 0 | JA3: 0 | JB3: 0 | JC3: 0 | JD3: 0 | JE3: 0 | JF3: 0 | JG3: 0 | JH3: 0 | JI3: 0 | JJ3: 0 | JK3: 0 | JL3: 0 | JM3: 0 | JN3: 0 | JO3: 0 | JP3: 0 | JQ3: 0 | JR3: 0 | JS3: 0 | JT3: 0 | JU3: 0 | JV3: 0 | JW3: 0 | JX3: 0 | JY3: 0 | JZ3: 0 | KA3: 0 | KB3: 0 | KC3: 0 | KD3: 0 | KE3: 0.00016666667 | KF3: 0.00016666667 | KG3: 0.00016666667 | KH3: 0.00016666667 | KI3: 0.00016666667 | KJ3: 0.00016666667 | KK3: 0.00016666667 | KL3: 0.00016666667 | KM3: 0.00016666667 | KN3: 0.00016666667 | KO3: 0.00016666667 | KP3: 0.00016666667 | KQ3: 0.00016666667 | KR3: 0.00016666667 | KS3: 0.00016666667 | KT3: 0.00016666667 | KU3: 0.00016666667 | KV3: 0.00016666667 | KW3: 0.00016666667 | KX3: 0.00016666667 | KY3: 0.00033333333 | KZ3: 0.00033333333 | LA3: 0.00033333333 | LB3: 0.00033333333 | LC3: 0.00033333333 | LD3: 5e-04 | LE3: 0.00083333333 | LF3: 0.0011666667 | LG3: 0.0011666667 | LH3: 0.0013333333 | LI3: 0.0013333333 | LJ3: 0.0016666667 | LK3: 0.0018333333 | LL3: 0.0021666667 | LM3: 0.0025 | LN3: 0.0025 | LO3: 0.003 | LP3: 0.0033333333 | LQ3: 0.0038333333 | LR3: 0.0045 | LS3: 0.0046666667 | LT3: 0.005 | LU3: 0.0055 | LV3: 0.006 | LW3: 0.0065 | LX3: 0.0073333333 | LY3: 0.0076666667 | LZ3: 0.0086666667 | MA3: 0.0095 | MB3: 0.01 | MC3: 0.010166667 | MD3: 0.010666667 | ME3: 0.0115 | MF3: 0.012166667 | MG3: 0.013 | MH3: 0.013166667 | MI3: 0.014166667 | MJ3: 0.014666667 | MK3: 0.015166667 | ML3: 0.015666667 | MM3: 0.0165 | MN3: 0.017166667 | MO3: 0.018 | MP3: 0.019666667 | MQ3: 0.021333333 | MR3: 0.022166667 | MS3: 0.024 | MT3: 0.025833333 | MU3: 0.028833333 | MV3: 0.030666667 | MW3: 0.032333333 | MX3: 0.0345 | MY3: 0.035833333 | MZ3: 0.038333333 | NA3: 0.0395 | NB3: 0.041333333 | NC3: 0.043666667 | ND3: 0.046166667 | NE3: 0.048833333 | NF3: 0.051333333 | NG3: 0.0535 | NH3: 0.056 | NI3: 0.0585 | NJ3: 0.061 | NK3: 0.062666667 | NL3: 0.065 | NM3: 0.067333333 | NN3: 0.071 | NO3: 0.073833333 | NP3: 0.077333333 | NQ3: 0.081166667 | NR3: 0.083666667 | NS3: 0.086333333 | NT3: 0.091 | NU3: 0.095 | NV3: 0.099166667 | NW3: 0.102 | NX3: 0.10583333 | NY3: 0.10866667 | NZ3: 0.112 | OA3: 0.115 | OB3: 0.1195 | OC3: 0.124 | OD3: 0.12966667 | OE3: 0.13383333 | OF3: 0.13783333 | OG3: 0.1415 | OH3: 0.1455 | OI3: 0.15066667 | OJ3: 0.15583333 | OK3: 0.16083333 | OL3: 0.166 | OM3: 0.17133333 | ON3: 0.17633333 | OO3: 0.181 | OP3: 0.18633333 | OQ3: 0.193 | OR3: 0.1965 | OS3: 0.20283333 | OT3: 0.20783333 | OU3: 0.21266667 | OV3: 0.218 | OW3: 0.22416667 | OX3: 0.23016667 | OY3: 0.23533333 | OZ3: 0.2405 | PA3: 0.24633333 | PB3: 0.24966667 | PC3: 0.2555 | PD3: 0.26233333 | PE3: 0.27016667 | PF3: 0.27583333 | PG3: 0.28516667 | PH3: 0.29066667 | PI3: 0.29733333 | PJ3: 0.30516667 | PK3: 0.311 | PL3: 0.3165 | PM3: 0.32383333 | PN3: 0.331 | PO3: 0.337 | PP3: 0.34116667 | PQ3: 0.34633333 | PR3: 0.35383333 | PS3: 0.3595 | PT3: 0.3675 | PU3: 0.37516667 | PV3: 0.38266667 | PW3: 0.3905 | PX3: 0.39716667 | PY3: 0.40283333 | PZ3: 0.40916667 | QA3: 0.416 | QB3: 0.422 | QC3: 0.42816667 | QD3: 0.43383333 | QE3: 0.43916667 | QF3: 0.446 | QG3: 0.4515 | QH3: 0.4575 | QI3: 0.46533333 | QJ3: 0.472 | QK3: 0.47716667 | QL3: 0.48516667 | QM3: 0.49066667 | QN3: 0.49633333 | QO3: 0.50316667 | QP3: 0.5095 | QQ3: 0.51633333 | QR3: 0.52183333 | QS3: 0.52766667 | QT3: 0.53383333 | QU3: 0.53916667 | QV3: 0.54416667 | QW3: 0.549 | QX3: 0.55416667 | QY3: 0.56016667 | QZ3: 0.56583333 | RA3: 0.57116667 | RB3: 0.578 | RC3: 0.58333333 | RD3: 0.58966667 | RE3: 0.59483333 | RF3: 0.60266667 | RG3: 0.60883333 | RH3: 0.61416667 | RI3: 0.6195 | RJ3: 0.62333333 | RK3: 0.62916667 | RL3: 0.63466667 | RM3: 0.641 | RN3: 0.64516667 | RO3: 0.651 | RP3: 0.65466667 | RQ3: 0.6605 | RR3: 0.66516667 | RS3: 0.67066667 | RT3: 0.67516667 | RU3: 0.68166667 | RV3: 0.68633333 | RW3: 0.69183333 | RX3: 0.69766667 | RY3: 0.7025 | RZ3: 0.70583333 | SA3: 0.70916667 | SB3: 0.71266667 | SC3: 0.7175 | SD3: 0.72083333 | SE3: 0.7265 | SF3: 0.73016667 | SG3: 0.7345 | SH3: 0.7375 | SI3: 0.74066667 | SJ3: 0.7455 | SK3: 0.749 | SL3: 0.75316667 | SM3: 0.757 | SN3: 0.7615 | SO3: 0.76583333 | SP3: 0.769 | SQ3: 0.773 | SR3: 0.776 | SS3: 0.77933333 | ST3: 0.783 | SU3: 0.78733333 | SV3: 0.79033333 | SW3: 0.79416667 | SX3: 0.79816667 | SY3: 0.80116667 | SZ3: 0.804 | TA3: 0.80733333 | TB3: 0.8105 | TC3: 0.81366667 | TD3: 0.8155 | TE3: 0.81866667 | TF3: 0.821 | TG3: 0.82383333 | TH3: 0.82583333 | TI3: 0.82866667 | TJ3: 0.83066667 | TK3: 0.83333333 | TL3: 0.83616667 | TM3: 0.83816667 | TN3: 0.8405 | TO3: 0.84316667 | TP3: 0.84666667 | TQ3: 0.849 | TR3: 0.85083333 | TS3: 0.85216667 | TT3: 0.8545 | TU3: 0.85633333 | TV3: 0.85816667 | TW3: 0.8605 | TX3: 0.86283333 | TY3: 0.86433333 | TZ3: 0.86616667 | UA3: 0.869 | UB3: 0.8705 | UC3: 0.8725 | UD3: 0.87383333 | UE3: 0.87516667 | UF3: 0.87783333 | UG3: 0.88 | UH3: 0.88083333 | UI3: 0.883 | UJ3: 0.88566667 | UK3: 0.88816667 | UL3: 0.8895 | UM3: 0.891 | UN3: 0.89316667 | UO3: 0.89466667 | UP3: 0.896 | UQ3: 0.89933333 | UR3: 0.90083333 | US3: 0.90216667 | UT3: 0.90366667 | UU3: 0.905 | UV3: 0.907 | UW3: 0.909 | UX3: 0.91033333 | UY3: 0.91166667 | UZ3: 0.91333333 | VA3: 0.91466667 | VB3: 0.91633333 | VC3: 0.9175 | VD3: 0.91866667 | VE3: 0.92033333 | VF3: 0.9215 | VG3: 0.92233333 | VH3: 0.92366667 | VI3: 0.92466667 | VJ3: 0.9255 | VK3: 0.92683333 | VL3: 0.92716667 | VM3: 0.92816667 | VN3: 0.92933333 | VO3: 0.93033333 | VP3: 0.93116667 | VQ3: 0.93166667 | VR3: 0.93283333 | VS3: 0.93416667 | VT3: 0.93516667 | VU3: 0.93583333 | VV3: 0.93683333 | VW3: 0.93833333 | VX3: 0.93966667 | VY3: 0.94016667 | VZ3: 0.94083333 | WA3: 0.94183333 | WB3: 0.94266667 | WC3: 0.94283333 | WD3: 0.944 | WE3: 0.94566667 | WF3: 0.946 | WG3: 0.94683333 | WH3: 0.94783333 | WI3: 0.949 | WJ3: 0.95 | WK3: 0.951 | WL3: 0.952 | WM3: 0.95283333 | WN3: 0.9535 | WO3: 0.9545 | WP3: 0.95533333 | WQ3: 0.956 | WR3: 0.95733333 | WS3: 0.95816667 | WT3: 0.95883333 | WU3: 0.95966667 | WV3: 0.9605 | WW3: 0.96083333 | WX3: 0.96133333 | WY3: 0.962 | WZ3: 0.96233333 | XA3: 0.96366667 | XB3: 0.96433333 | XC3: 0.96466667 | XD3: 0.965 | XE3: 0.96516667 | XF3: 0.96566667 | XG3: 0.966 | XH3: 0.96666667 | XI3: 0.96733333 | XJ3: 0.96766667 | XK3: 0.96866667 | XL3: 0.9695 | XM3: 0.96983333 | XN3: 0.97066667 | XO3: 0.9715 | XP3: 0.972 | XQ3: 0.97266667 | XR3: 0.97283333 | XS3: 0.97283333 | XT3: 0.97333333 | XU3: 0.974 | XV3: 0.97416667 | XW3: 0.97466667 | XX3: 0.975 | XY3: 0.97533333 | XZ3: 0.97583333 | YA3: 0.97633333 | YB3: 0.97683333 | YC3: 0.977 | YD3: 0.9775 | YE3: 0.9775 | YF3: 0.97783333 | YG3: 0.9785 | YH3: 0.97866667 | YI3: 0.9795 | YJ3: 0.97983333 | YK3: 0.98 | YL3: 0.9805 | YM3: 0.98083333 | YN3: 0.98116667 | YO3: 0.98183333 | YP3: 0.98216667 | YQ3: 0.98233333 | YR3: 0.9825 | YS3: 0.98283333 | YT3: 0.98333333 | YU3: 0.9835 | YV3: 0.9835 | YW3: 0.98366667 | YX3: 0.98383333 | YY3: 0.984 | YZ3: 0.98433333 | ZA3: 0.98466667 | ZB3: 0.985 | ZC3: 0.985 | ZD3: 0.985 | ZE3: 0.985 | ZF3: 0.98533333 | ZG3: 0.98533333 | ZH3: 0.9855 | ZI3: 0.98566667 | ZJ3: 0.98583333 | ZK3: 0.986 | ZL3: 0.98633333 | ZM3: 0.9865 | ZN3: 0.98666667 | ZO3: 0.987 | ZP3: 0.987 | ZQ3: 0.987 | ZR3: 0.98733333 | ZS3: 0.98766667 | ZT3: 0.98783333 | ZU3: 0.98783333 | ZV3: 0.98783333 | ZW3: 0.98783333 | ZX3: 0.988 | ZY3: 0.98816667 | ZZ3: 0.98833333 | AAA3: 0.98883333 | AAB3: 0.98883333 | AAC3: 0.98966667 | AAD3: 0.98966667 | AAE3: 0.98983333 | AAF3: 0.98983333 | AAG3: 0.98983333 | AAH3: 0.98983333 | AAI3: 0.99016667 | AAJ3: 0.99033333 | AAK3: 0.9905 | AAL3: 0.99066667 | AAM3: 0.99066667 | AAN3: 0.991 | AAO3: 0.99133333 | AAP3: 0.99133333 | AAQ3: 0.9915 | AAR3: 0.99166667 | AAS3: 0.99166667 | AAT3: 0.99166667 | AAU3: 0.99166667 | AAV3: 0.99166667 | AAW3: 0.99166667 | AAX3: 0.992 | AAY3: 0.99233333 | AAZ3: 0.99216667 | ABA3: 0.99216667 | ABB3: 0.99216667 | ABC3: 0.99233333 | ABD3: 0.99233333 | ABE3: 0.9925 | ABF3: 0.99266667 | ABG3: 0.99266667 | ABH3: 0.99266667 | ABI3: 0.99283333 | ABJ3: 0.99283333 | ABK3: 0.99283333 | ABL3: 0.99283333 | ABM3: 0.99333333 | ABN3: 0.99333333 | ABO3: 0.99333333 | ABP3: 0.99333333 | ABQ3: 0.99333333 | ABR3: 0.99333333 | ABS3: 0.99333333 | ABT3: 0.99333333 | ABU3: 0.9935 | ABV3: 0.9935 | ABW3: 0.9935 | ABX3: 0.99366667 | ABY3: 0.994 | ABZ3: 0.99433333 | ACA3: 0.99433333 | ACB3: 0.99433333 | ACC3: 0.99433333 | ACD3: 0.99433333 | ACE3: 0.9945 | ACF3: 0.9945 | ACG3: 0.9945 | ACH3: 0.9945 | ACI3: 0.9945 | ACJ3: 0.9945 | ACK3: 0.9945 | ACL3: 0.99466667 | ACM3: 0.99483333 | ACN3: 0.995 | ACO3: 0.995 | ACP3: 0.995 | ACQ3: 0.995 | ACR3: 0.995 | ACS3: 0.995 | ACT3: 0.995 | ACU3: 0.99516667 | ACV3: 0.99533333 | ACW3: 0.99533333 | ACX3: 0.99533333 | ACY3: 0.99533333 | ACZ3: 0.99516667 | ADA3: 0.99516667 | ADB3: 0.99533333 | ADC3: 0.9955 | ADD3: 0.9955 | ADE3: 0.99566667 | ADF3: 0.99566667 | ADG3: 0.99566667 | ADH3: 0.99583333 | ADI3: 0.996 | ADJ3: 0.99616667 | ADK3: 0.99616667 | ADL3: 0.996 | ADM3: 0.996 | ADN3: 0.99633333 | ADO3: 0.996 | ADP3: 0.99583333 | ADQ3: 0.99566667 | ADR3: 0.99566667 | ADS3: 0.99566667 | ADT3: 0.99566667 | ADU3: 0.99583333 | ADV3: 0.99583333 | ADW3: 0.99566667 | ADX3: 0.99583333 | ADY3: 0.99583333 | ADZ3: 0.996 | AEA3: 0.99583333 | AEB3: 0.99583333 | AEC3: 0.996 | AED3: 0.996 | AEE3: 0.99583333 | AEF3: 0.9955 | AEG3: 0.9955 | AEH3: 0.9955 | AEI3: 0.99516667 | AEJ3: 0.99533333 | AEK3: 0.99533333 | AEL3: 0.99533333 | AEM3: 0.99516667 | AEN3: 0.99516667 | AEO3: 0.995 | AEP3: 0.99483333 | AEQ3: 0.995 | AER3: 0.995 | AES3: 0.9945 | AET3: 0.99433333 | AEU3: 0.99416667 | AEV3: 0.994 | AEW3: 0.994 | AEX3: 0.99383333 | AEY3: 0.99383333 | AEZ3: 0.9935 | AFA3: 0.9935 | AFB3: 0.99316667 | AFC3: 0.99316667 | AFD3: 0.99283333 | AFE3: 0.99283333 | AFF3: 0.9925 | AFG3: 0.99216667 | AFH3: 0.992 | AFI3: 0.992 | AFJ3: 0.99166667 | AFK3: 0.99133333 | AFL3: 0.99133333 | AFM3: 0.99116667 | AFN3: 0.99083333 | AFO3: 0.99033333 | AFP3: 0.99016667 | AFQ3: 0.98966667 | AFR3: 0.98933333 | AFS3: 0.98916667 | AFT3: 0.989 | AFU3: 0.989 | AFV3: 0.98866667 | AFW3: 0.98866667 | AFX3: 0.9885 | AFY3: 0.98816667 | AFZ3: 0.98816667 | AGA3: 0.988 | AGB3: 0.98766667 | AGC3: 0.98733333 | AGD3: 0.987 | AGE3: 0.98666667 | AGF3: 0.98633333 | AGG3: 0.98616667 | AGH3: 0.98583333 | AGI3: 0.98566667 | AGJ3: 0.98583333 | AGK3: 0.9855 | AGL3: 0.98516667 | AGM3: 0.98466667 | AGN3: 0.9845 | AGO3: 0.9845 | AGP3: 0.98433333 | AGQ3: 0.984 | AGR3: 0.98383333 | AGS3: 0.98383333 | AGT3: 0.9835 | AGU3: 0.98333333 | AGV3: 0.98333333 | AGW3: 0.983 | AGX3: 0.98283333 | AGY3: 0.98233333 | AGZ3: 0.98216667 | AHA3: 0.982 | AHB3: 0.9815 | AHC3: 0.98133333 | AHD3: 0.97983333 | AHE3: 0.9795 | AHF3: 0.9785 | AHG3: 0.97833333 | AHH3: 0.97783333 | AHI3: 0.97783333 | AHJ3: 0.97716667 | AHK3: 0.97616667 | AHL3: 0.97566667 | AHM3: 0.97466667 | AHN3: 0.97416667 | AHO3: 0.97333333 | AHP3: 0.97233333 | AHQ3: 0.97083333 | AHR3: 0.97 | AHS3: 0.969 | AHT3: 0.9685 | AHU3: 0.9675 | AHV3: 0.96716667 | AHW3: 0.96633333 | AHX3: 0.9655 | AHY3: 0.96466667 | AHZ3: 0.96433333 | AIA3: 0.96383333 | AIB3: 0.963 | AIC3: 0.96166667 | AID3: 0.96116667 | AIE3: 0.9605 | AIF3: 0.96016667 | AIG3: 0.95933333 | AIH3: 0.959 | AII3: 0.958 | AIJ3: 0.95716667 | AIK3: 0.95616667 | AIL3: 0.95566667 | AIM3: 0.954 | AIN3: 0.95333333 | AIO3: 0.95216667 | AIP3: 0.951 | AIQ3: 0.95016667 | AIR3: 0.949 | AIS3: 0.94816667 | AIT3: 0.94783333 | AIU3: 0.9465 | AIV3: 0.94566667 | AIW3: 0.94466667 | AIX3: 0.94366667 | AIY3: 0.94266667 | AIZ3: 0.9415 | AJA3: 0.9405 | AJB3: 0.9395 | AJC3: 0.93866667 | AJD3: 0.93816667 | AJE3: 0.93716667 | AJF3: 0.93633333 | AJG3: 0.935 | AJH3: 0.93483333 | AJI3: 0.93383333 | AJJ3: 0.93266667 | AJK3: 0.93133333 | AJL3: 0.93016667 | AJM3: 0.92866667 | AJN3: 0.92783333 | AJO3: 0.9265 | AJP3: 0.925 | AJQ3: 0.92416667 | AJR3: 0.92216667 | AJS3: 0.92016667 | AJT3: 0.9195 | AJU3: 0.918 | AJV3: 0.91733333 | AJW3: 0.91616667 | AJX3: 0.91533333 | AJY3: 0.91433333 | AJZ3: 0.9125 | AKA3: 0.9105 | AKB3: 0.909 | AKC3: 0.90766667 | AKD3: 0.90533333 | AKE3: 0.904 | AKF3: 0.902 | AKG3: 0.90083333 | AKH3: 0.89966667 | AKI3: 0.89866667 | AKJ3: 0.89716667 | AKK3: 0.8955 | AKL3: 0.89416667 | AKM3: 0.89266667 | AKN3: 0.89183333 | AKO3: 0.89016667 | AKP3: 0.8885 | AKQ3: 0.888 | AKR3: 0.88666667 | AKS3: 0.886 | AKT3: 0.88383333 | AKU3: 0.882 | AKV3: 0.88066667 | AKW3: 0.87833333 | AKX3: 0.87716667 | AKY3: 0.87533333 | AKZ3: 0.87233333 | ALA3: 0.87033333 | ALB3: 0.869 | ALC3: 0.86733333 | ALD3: 0.86533333 | ALE3: 0.86366667 | ALF3: 0.86233333 | ALG3: 0.86116667 | ALH3: 0.8595 | ALI3: 0.858 | ALJ3: 0.857 | ALK3: 0.85466667 | ALL3: 0.852 | ALM3: 0.85016667 | ALN3: 0.84866667 | ALO3: 0.84683333 | ALP3: 0.84416667 | ALQ3: 0.84266667 | ALR3: 0.84083333 | ALS3: 0.83866667 | ALT3: 0.837 | ALU3: 0.8345 | ALV3: 0.8325 | ALW3: 0.82983333 | ALX3: 0.82833333 | ALY3: 0.82666667 | ALZ3: 0.82416667 | AMA3: 0.82166667 | AMB3: 0.8205 | AMC3: 0.8185 | AMD3: 0.81633333 | AME3: 0.81433333 | AMF3: 0.81216667 | AMG3: 0.81 | AMH3: 0.8065 | AMI3: 0.80483333 | AMJ3: 0.80366667 | AMK3: 0.802 | AML3: 0.80066667 | AMM3: 0.79683333 | AMN3: 0.7945 | AMO3: 0.7925 | AMP3: 0.79116667 | AMQ3: 0.78933333 | AMR3: 0.78683333 | AMS3: 0.785 | AMT3: 0.78333333 | AMU3: 0.78083333 | AMV3: 0.778 | AMW3: 0.77566667 | AMX3: 0.774 | AMY3: 0.77116667 | AMZ3: 0.76866667 | ANA3: 0.76616667 | ANB3: 0.7645 | ANC3: 0.762 | AND3: 0.7605 | ANE3: 0.75766667 | ANF3: 0.75516667 | ANG3: 0.75366667 | ANH3: 0.7525 | ANI3: 0.751 | ANJ3: 0.74916667 | ANK3: 0.74566667 | ANL3: 0.7445 | ANM3: 0.74183333 | ANN3: 0.739 | ANO3: 0.737 | ANP3: 0.7345 | ANQ3: 0.73 | ANR3: 0.72766667 | ANS3: 0.72583333 | ANT3: 0.722 | ANU3: 0.71916667 | ANV3: 0.715 | ANW3: 0.713 | ANX3: 0.71016667 | ANY3: 0.70783333 | ANZ3: 0.70516667 | AOA3: 0.703 | AOB3: 0.70033333 | AOC3: 0.69666667 | AOD3: 0.69416667 | AOE3: 0.69216667 | AOF3: 0.6895 | AOG3: 0.68683333 | AOH3: 0.6855 | AOI3: 0.6825 | AOJ3: 0.67983333 | AOK3: 0.6765 | AOL3: 0.67433333 | AOM3: 0.67033333 | AON3: 0.66833333 | AOO3: 0.66616667 | AOP3: 0.66366667 | AOQ3: 0.66133333 | AOR3: 0.6595 | AOS3: 0.65866667 | AOT3: 0.65733333 | AOU3: 0.65483333 | AOV3: 0.6515 | AOW3: 0.64866667 | AOX3: 0.64566667 | AOY3: 0.64316667 | AOZ3: 0.64116667 | APA3: 0.6385 | APB3: 0.635 | APC3: 0.63183333 | APD3: 0.62983333 | APE3: 0.626 | APF3: 0.62316667 | APG3: 0.62 | APH3: 0.61683333 | API3: 0.6135 | APJ3: 0.61133333 | APK3: 0.60783333 | APL3: 0.60483333 | APM3: 0.60233333 | APN3: 0.60066667 | APO3: 0.59783333 | APP3: 0.5955 | APQ3: 0.59283333 | APR3: 0.59066667 | APS3: 0.58733333 | APT3: 0.58516667 | APU3: 0.58283333 | APV3: 0.57983333 | APW3: 0.57783333 | APX3: 0.57583333 | APY3: 0.5735 | APZ3: 0.57066667 | AQA3: 0.56833333 | AQB3: 0.56616667 | AQC3: 0.564 | AQD3: 0.5615 | AQE3: 0.55933333 | AQF3: 0.55633333 | AQG3: 0.55416667 | AQH3: 0.55183333 | AQI3: 0.5495 | AQJ3: 0.548 | AQK3: 0.546 | AQL3: 0.54283333 | AQM3: 0.53916667 | AQN3: 0.53566667 | AQO3: 0.53383333 | AQP3: 0.53083333 | AQQ3: 0.52816667 | AQR3: 0.52583333 | AQS3: 0.52383333 | AQT3: 0.52183333 | AQU3: 0.51816667 | AQV3: 0.51533333 | AQW3: 0.5135 | AQX3: 0.50983333 | AQY3: 0.50866667 | AQZ3: 0.5065 | ARA3: 0.50383333 | ARB3: 0.5025 | ARC3: 0.49883333 | ARD3: 0.49566667 | ARE3: 0.493 | ARF3: 0.491 | ARG3: 0.48833333 | ARH3: 0.486 | ARI3: 0.48283333 | ARJ3: 0.48083333 | ARK3: 0.47883333 | ARL3: 0.47683333 | ARM3: 0.4745 | ARN3: 0.47133333 | ARO3: 0.469 | ARP3: 0.46666667 | ARQ3: 0.46416667 | ARR3: 0.46266667 | ARS3: 0.46066667 | ART3: 0.459 | ARU3: 0.45633333 | ARV3: 0.4545 | ARW3: 0.45283333 | ARX3: 0.45083333 | ARY3: 0.44816667 | ARZ3: 0.4465 | ASA3: 0.445 | ASB3: 0.44283333 | ASC3: 0.4395 | ASD3: 0.43733333 | ASE3: 0.43483333 | ASF3: 0.432 | ASG3: 0.43033333 | ASH3: 0.42866667 | ASI3: 0.42616667 | ASJ3: 0.4235 | ASK3: 0.42066667 | ASL3: 0.4185 | ASM3: 0.4165 | ASN3: 0.414 | ASO3: 0.411 | ASP3: 0.40983333 | ASQ3: 0.40683333 | ASR3: 0.405 | ASS3: 0.40216667 | AST3: 0.39933333 | ASU3: 0.396 | ASV3: 0.39516667 | ASW3: 0.39116667 | ASX3: 0.389 | ASY3: 0.38633333 | ASZ3: 0.3855 | ATA3: 0.38366667 | ATB3: 0.38083333 | ATC3: 0.37833333 | ATD3: 0.37733333 | ATE3: 0.37533333 | ATF3: 0.37266667 | ATG3: 0.371 | ATH3: 0.36983333 | ATI3: 0.36683333 | ATJ3: 0.364 | ATK3: 0.3615 | ATL3: 0.35933333 | ATM3: 0.3575 | ATN3: 0.35633333 | ATO3: 0.35433333 | ATP3: 0.35233333 | ATQ3: 0.34916667 | ATR3: 0.34783333 | ATS3: 0.3465 | ATT3: 0.34416667 | ATU3: 0.34133333 | ATV3: 0.33983333 | ATW3: 0.33766667 | ATX3: 0.33616667 | ATY3: 0.3345 | ATZ3: 0.333 | AUA3: 0.33033333 | AUB3: 0.32783333 | AUC3: 0.326 | AUD3: 0.32433333 | AUE3: 0.32083333 | AUF3: 0.31933333 | AUG3: 0.31733333 | AUH3: 0.3155 | AUI3: 0.3135 | AUJ3: 0.31133333 | AUK3: 0.30866667 | AUL3: 0.30633333 | AUM3: 0.30483333 | AUN3: 0.30216667 | AUO3: 0.30016667 | AUP3: 0.29783333 | AUQ3: 0.29633333 | AUR3: 0.29533333 | AUS3: 0.294 | AUT3: 0.29316667 | AUU3: 0.29133333 | AUV3: 0.28983333 | AUW3: 0.2885 | AUX3: 0.28716667 | AUY3: 0.28633333 | AUZ3: 0.28316667 | AVA3: 0.28166667 | AVB3: 0.2805 | AVC3: 0.27866667 | AVD3: 0.27666667 | AVE3: 0.275 | AVF3: 0.27233333 | AVG3: 0.2715 | AVH3: 0.26983333 | AVI3: 0.268 | AVJ3: 0.26633333 | AVK3: 0.26483333 | AVL3: 0.26366667 | AVM3: 0.2625 | AVN3: 0.261 | AVO3: 0.25933333 | AVP3: 0.25866667 | AVQ3: 0.2565 | AVR3: 0.2545 | AVS3: 0.25333333 | AVT3: 0.25183333 | AVU3: 0.25066667 | AVV3: 0.24916667 | AVW3: 0.24716667 | AVX3: 0.24533333 | AVY3: 0.24366667 | AVZ3: 0.24216667 | AWA3: 0.24016667 | AWB3: 0.23883333 | AWC3: 0.237 | AWD3: 0.235 | AWE3: 0.23383333 | AWF3: 0.23233333 | AWG3: 0.231 | AWH3: 0.22966667 | AWI3: 0.228 | AWJ3: 0.22666667 | AWK3: 0.226 | AWL3: 0.22433333 | AWM3: 0.22233333 | AWN3: 0.2215 | AWO3: 0.22016667 | AWP3: 0.21866667 | AWQ3: 0.21733333 | AWR3: 0.21566667 | AWS3: 0.21333333 | AWT3: 0.21266667 | AWU3: 0.211 | AWV3: 0.21 | AWW3: 0.2085 | AWX3: 0.20683333 | AWY3: 0.20566667 | AWZ3: 0.20416667 | AXA3: 0.20233333 | AXB3: 0.20083333 | AXC3: 0.1995 | AXD3: 0.19866667 | AXE3: 0.198 | AXF3: 0.19633333 | AXG3: 0.19483333 | AXH3: 0.19366667 | AXI3: 0.19266667 | AXJ3: 0.19116667 | AXK3: 0.19016667 | AXL3: 0.18866667 | AXM3: 0.18766667 | AXN3: 0.18633333 | AXO3: 0.186 | AXP3: 0.1845 | AXQ3: 0.184 | AXR3: 0.18216667 | AXS3: 0.18133333 | AXT3: 0.1805 | AXU3: 0.179 | AXV3: 0.1785 | AXW3: 0.17733333 | AXX3: 0.17616667 | AXY3: 0.175 | AXZ3: 0.17433333 | AYA3: 0.17283333 | AYB3: 0.1725 | AYC3: 0.17133333 | AYD3: 0.17083333 | AYE3: 0.1705 | AYF3: 0.16883333 | AYG3: 0.16733333 | AYH3: 0.16666667 | AYI3: 0.16533333 | AYJ3: 0.164 | AYK3: 0.1635 | AYL3: 0.16266667 | AYM3: 0.162 | AYN3: 0.16133333 | AYO3: 0.16 | AYP3: 0.1585 | AYQ3: 0.15766667 | AYR3: 0.15683333 | AYS3: 0.15533333 | AYT3: 0.1535 | AYU3: 0.153 | AYV3: 0.15216667 | AYW3: 0.15133333 | AYX3: 0.15 | AYY3: 0.1495 | AYZ3: 0.149 | AZA3: 0.14833333 | AZB3: 0.14783333 | AZC3: 0.14733333 | AZD3: 0.14616667 | AZE3: 0.14533333 | AZF3: 0.14483333 | AZG3: 0.14366667 | AZH3: 0.1435 | AZI3: 0.14316667 | AZJ3: 0.14133333 | AZK3: 0.14033333 | AZL3: 0.13966667 | AZM3: 0.13866667 | AZN3: 0.138 | AZO3: 0.137 | AZP3: 0.13633333 | AZQ3: 0.13616667 | AZR3: 0.1355 | AZS3: 0.1345 | AZT3: 0.1335 | AZU3: 0.1325 | AZV3: 0.131 | AZW3: 0.13083333 | AZX3: 0.13 | AZY3: 0.12916667 | AZZ3: 0.1285 | BAA3: 0.12766667 | BAB3: 0.12716667 | BAC3: 0.12633333 | BAD3: 0.12583333 | BAE3: 0.1255 | BAF3: 0.12533333 | BAG3: 0.124 | BAH3: 0.12283333 | BAI3: 0.12216667 | BAJ3: 0.1215 | BAK3: 0.12066667 | BAL3: 0.11983333 | BAM3: 0.11983333 | BAN3: 0.11916667 | BAO3: 0.11816667 | BAP3: 0.11716667 | BAQ3: 0.11633333 | BAR3: 0.11516667 | BAS3: 0.11433333 | BAT3: 0.113 | BAU3: 0.11216667 | BAV3: 0.11133333 | BAW3: 0.111 | BAX3: 0.1105 | BAY3: 0.11 | BAZ3: 0.10933333 | BBA3: 0.10866667 | BBB3: 0.10783333 | BBC3: 0.107 | BBD3: 0.10666667 | BBE3: 0.10583333 | BBF3: 0.105 | BBG3: 0.1045 | BBH3: 0.104 | BBI3: 0.10283333 | BBJ3: 0.1015 | BBK3: 0.10033333 | BBL3: 0.099833333 | BBM3: 0.099166667 | BBN3: 0.099166667 | BBO3: 0.0985 | BBP3: 0.097333333 | BBQ3: 0.096833333 | BBR3: 0.0965 | BBS3: 0.095833333 | BBT3: 0.095 | BBU3: 0.094666667 | BBV3: 0.094166667 | BBW3: 0.093166667 | BBX3: 0.092333333 | BBY3: 0.091333333 | BBZ3: 0.090833333 | BCA3: 0.0905 | BCB3: 0.089666667 | BCC3: 0.089333333 | BCD3: 0.088666667 | BCE3: 0.088333333 | BCF3: 0.087333333 | BCG3: 0.086666667 | BCH3: 0.086666667 | BCI3: 0.085833333 | BCJ3: 0.085 | BCK3: 0.0845 | BCL3: 0.084 | BCM3: 0.083166667 | BCN3: 0.082833333 | BCO3: 0.0825 | BCP3: 0.082166667 | BCQ3: 0.081833333 | BCR3: 0.081333333 | BCS3: 0.08 | BCT3: 0.079666667 | BCU3: 0.079333333 | BCV3: 0.078666667 | BCW3: 0.078166667 | BCX3: 0.078 | BCY3: 0.077666667 | BCZ3: 0.076833333 | BDA3: 0.076333333 | BDB3: 0.076166667 | BDC3: 0.076 | BDD3: 0.075333333 | BDE3: 0.074666667 | BDF3: 0.074666667 | BDG3: 0.074333333 | BDH3: 0.074 | BDI3: 0.073166667 | BDJ3: 0.072833333 | BDK3: 0.072833333 | BDL3: 0.072333333 | BDM3: 0.071833333 | BDN3: 0.071833333 | BDO3: 0.071166667 | BDP3: 0.070833333 | BDQ3: 0.0705 | BDR3: 0.07 | BDS3: 0.069666667 | BDT3: 0.0695 | BDU3: 0.069 | BDV3: 0.068666667 | BDW3: 0.0685 | BDX3: 0.068333333 | BDY3: 0.068 | BDZ3: 0.0675 | BEA3: 0.067166667 | BEB3: 0.066666667 | BEC3: 0.065833333 | BED3: 0.0655 | BEE3: 0.064833333 | BEF3: 0.064666667 | BEG3: 0.064333333 | BEH3: 0.064166667 | BEI3: 0.0635 | BEJ3: 0.063333333 | BEK3: 0.062833333 | BEL3: 0.062333333 | BEM3: 0.061666667 | BEN3: 0.0615 | BEO3: 0.060833333 | BEP3: 0.060333333 | BEQ3: 0.060333333 | BER3: 0.06 | BES3: 0.059833333 | BET3: 0.0595 | BEU3: 0.059166667 | BEV3: 0.058333333 | BEW3: 0.058166667 | BEX3: 0.057666667 | BEY3: 0.057666667 | BEZ3: 0.057333333 | BFA3: 0.057333333 | BFB3: 0.057333333 | BFC3: 0.057 | BFD3: 0.056166667 | BFE3: 0.055833333 | BFF3: 0.055166667 | BFG3: 0.0545 | BFH3: 0.054166667 | BFI3: 0.054166667 | BFJ3: 0.054 | BFK3: 0.053666667 | BFL3: 0.053166667 | BFM3: 0.053 | BFN3: 0.052666667 | BFO3: 0.052166667 | BFP3: 0.051833333 | BFQ3: 0.051166667 | BFR3: 0.050833333 | BFS3: 0.0505 | BFT3: 0.05 | BFU3: 0.0495 | BFV3: 0.049166667 | BFW3: 0.048833333 | BFX3: 0.048666667 | BFY3: 0.048 | BFZ3: 0.047666667 | BGA3: 0.047166667 | BGB3: 0.046833333 | BGC3: 0.046666667 | BGD3: 0.0465 | BGE3: 0.046333333 | BGF3: 0.045833333 | BGG3: 0.045166667 | BGH3: 0.045 | BGI3: 0.044666667 | BGJ3: 0.0445 | BGK3: 0.044166667 | BGL3: 0.044 | BGM3: 0.043166667 | BGN3: 0.042666667 | BGO3: 0.0425 | BGP3: 0.042 | BGQ3: 0.0415 | BGR3: 0.041333333 | BGS3: 0.041333333 | BGT3: 0.041 | BGU3: 0.0405 | BGV3: 0.040333333 | BGW3: 0.04 | BGX3: 0.039666667 | BGY3: 0.039333333 | BGZ3: 0.039333333 | BHA3: 0.039166667 | BHB3: 0.039166667 | BHC3: 0.038666667 | BHD3: 0.038666667 | BHE3: 0.0385 | BHF3: 0.038 | BHG3: 0.037666667 | BHH3: 0.037666667 | BHI3: 0.037333333 | BHJ3: 0.036833333 | BHK3: 0.036166667 | BHL3: 0.036 | BHM3: 0.035833333 | BHN3: 0.0355 | BHO3: 0.0355 | BHP3: 0.035333333 | BHQ3: 0.035 | BHR3: 0.035 | BHS3: 0.034833333 | BHT3: 0.034833333 | BHU3: 0.034666667 | BHV3: 0.034333333 | BHW3: 0.034333333 | BHX3: 0.034166667 | BHY3: 0.034 | BHZ3: 0.034 | BIA3: 0.033833333 | BIB3: 0.033333333 | BIC3: 0.033333333 | BID3: 0.032666667 | BIE3: 0.032666667 | BIF3: 0.032666667 | BIG3: 0.032333333 | BIH3: 0.032 | BII3: 0.031666667 | BIJ3: 0.031333333 | BIK3: 0.031166667 | BIL3: 0.030833333 | BIM3: 0.0305 | BIN3: 0.030333333 | BIO3: 0.030166667 | BIP3: 0.029833333 | BIQ3: 0.029333333 | BIR3: 0.029166667 | BIS3: 0.0285 | BIT3: 0.0285 | BIU3: 0.028333333 | BIV3: 0.028166667 | BIW3: 0.027666667 | BIX3: 0.0275 | BIY3: 0.027333333 | BIZ3: 0.027333333 | BJA3: 0.027333333 | BJB3: 0.027166667 | BJC3: 0.027166667 | BJD3: 0.027166667 | BJE3: 0.027 | BJF3: 0.027 | BJG3: 0.0265 | BJH3: 0.026166667 | BJI3: 0.026 | BJJ3: 0.026 | BJK3: 0.025833333 | BJL3: 0.025833333 | BJM3: 0.025833333 | BJN3: 0.025333333 | BJO3: 0.025 | BJP3: 0.025 | BJQ3: 0.025 | BJR3: 0.025 | BJS3: 0.024666667 | BJT3: 0.0245 | BJU3: 0.024166667 | BJV3: 0.023833333 | BJW3: 0.023666667 | BJX3: 0.023666667 | BJY3: 0.023666667 | BJZ3: 0.023166667 | BKA3: 0.023166667 | BKB3: 0.023 | BKC3: 0.023 | BKD3: 0.022833333 | BKE3: 0.022666667 | BKF3: 0.0225 | BKG3: 0.0225 | BKH3: 0.0225 | BKI3: 0.0225 | BKJ3: 0.022333333 | BKK3: 0.022166667 | BKL3: 0.021833333 | BKM3: 0.0215 | BKN3: 0.0215 | BKO3: 0.0215 | BKP3: 0.021166667 | BKQ3: 0.0205 | BKR3: 0.0205 | BKS3: 0.020333333 | BKT3: 0.020333333 | BKU3: 0.020166667 | BKV3: 0.020166667 | BKW3: 0.02 | BKX3: 0.019833333 | BKY3: 0.0195 | BKZ3: 0.0195 | BLA3: 0.019333333 | BLB3: 0.019166667 | BLC3: 0.019166667 | BLD3: 0.019 | BLE3: 0.018833333 | BLF3: 0.018666667 | BLG3: 0.018166667 | BLH3: 0.017833333 | BLI3: 0.017833333 | BLJ3: 0.017833333 | BLK3: 0.017666667 | BLL3: 0.017666667 | BLM3: 0.0175 | BLN3: 0.0175 | BLO3: 0.0175 | BLP3: 0.017333333 | BLQ3: 0.017166667 | BLR3: 0.017166667 | BLS3: 0.016833333 | BLT3: 0.016666667 | BLU3: 0.0165 | BLV3: 0.0165 | BLW3: 0.0165 | BLX3: 0.0165 | BLY3: 0.0165 | BLZ3: 0.0165 | BMA3: 0.016333333 | BMB3: 0.016333333 | BMC3: 0.016333333 | BMD3: 0.016166667 | BME3: 0.016166667 | BMF3: 0.016 | BMG3: 0.016 | BMH3: 0.015833333 | BMI3: 0.015666667 | BMJ3: 0.0155 | BMK3: 0.015333333 | BML3: 0.015333333 | BMM3: 0.015333333 | BMN3: 0.015166667 | BMO3: 0.015 | BMP3: 0.015 | BMQ3: 0.015 | BMR3: 0.015 | BMS3: 0.015 | BMT3: 0.015 | BMU3: 0.015 | BMV3: 0.015 | BMW3: 0.014833333 | BMX3: 0.014666667 | BMY3: 0.014666667 | BMZ3: 0.014666667 | BNA3: 0.014666667 | BNB3: 0.0145 | BNC3: 0.0145 | BND3: 0.0145 | BNE3: 0.014333333 | BNF3: 0.014333333 | BNG3: 0.014166667 | BNH3: 0.014166667 | BNI3: 0.014166667 | BNJ3: 0.014166667 | BNK3: 0.014 | BNL3: 0.013833333 | BNM3: 0.013666667 | BNN3: 0.013666667 | BNO3: 0.0135 | BNP3: 0.0135 | BNQ3: 0.013333333 | BNR3: 0.013333333 | BNS3: 0.013166667 | BNT3: 0.013 | BNU3: 0.013 | BNV3: 0.013 | BNW3: 0.013 | BNX3: 0.013 | BNY3: 0.013 | BNZ3: 0.013 | BOA3: 0.013 | BOB3: 0.012833333 | BOC3: 0.012666667 | BOD3: 0.012333333 | BOE3: 0.012333333 | BOF3: 0.012333333 | BOG3: 0.012333333 | BOH3: 0.012166667 | BOI3: 0.012166667 | BOJ3: 0.012166667 | BOK3: 0.012166667 | BOL3: 0.012166667 | BOM3: 0.012166667 | BON3: 0.012166667 | BOO3: 0.012166667 | BOP3: 0.012166667 | BOQ3: 0.012166667 | BOR3: 0.012 | BOS3: 0.012 | BOT3: 0.011833333 | BOU3: 0.011833333 | BOV3: 0.011666667 | BOW3: 0.0115 | BOX3: 0.011333333 | BOY3: 0.011166667 | BOZ3: 0.011166667 | BPA3: 0.011166667 | BPB3: 0.011166667 | BPC3: 0.010833333 | BPD3: 0.010333333 | BPE3: 0.010333333 | BPF3: 0.010333333 | BPG3: 0.010333333 | BPH3: 0.010333333 | BPI3: 0.010333333 | BPJ3: 0.010166667 | BPK3: 0.010166667 | BPL3: 0.010166667 | BPM3: 0.010166667 | BPN3: 0.010166667 | BPO3: 0.010166667 | BPP3: 0.010166667 | BPQ3: 0.010166667 | BPR3: 0.01 | BPS3: 0.0098333333 | BPT3: 0.0098333333 | BPU3: 0.0098333333 | BPV3: 0.0096666667 | BPW3: 0.0096666667 | BPX3: 0.0095 | BPY3: 0.0093333333 | BPZ3: 0.0093333333 | BQA3: 0.0093333333 | BQB3: 0.0093333333 | BQC3: 0.0093333333 | BQD3: 0.0091666667 | BQE3: 0.0091666667 | BQF3: 0.009 | BQG3: 0.0086666667 | BQH3: 0.0086666667 | BQI3: 0.0086666667 | BQJ3: 0.0086666667 | BQK3: 0.0086666667 | BQL3: 0.0085 | BQM3: 0.0085 | BQN3: 0.0085 | BQO3: 0.0085 | BQP3: 0.0083333333 | BQQ3: 0.0083333333 | BQR3: 0.0083333333 | BQS3: 0.0083333333 | BQT3: 0.0083333333 | BQU3: 0.0083333333 | BQV3: 0.0083333333 | BQW3: 0.0083333333 | BQX3: 0.0083333333 | BQY3: 0.0083333333 | BQZ3: 0.0083333333 | BRA3: 0.0083333333 | BRB3: 0.0083333333 | BRC3: 0.0083333333 | BRD3: 0.0081666667 | BRE3: 0.008 | BRF3: 0.008 | BRG3: 0.0078333333 | BRH3: 0.0076666667 | BRI3: 0.0076666667 | BRJ3: 0.0076666667 | BRK3: 0.0076666667 | BRL3: 0.0076666667 | BRM3: 0.0076666667 | BRN3: 0.0076666667 | BRO3: 0.0076666667 | BRP3: 0.0076666667 | BRQ3: 0.0075 | BRR3: 0.0075 | BRS3: 0.0075 | BRT3: 0.0075 | BRU3: 0.0075 | BRV3: 0.0073333333 | BRW3: 0.0073333333 | BRX3: 0.0073333333 | BRY3: 0.0073333333 | BRZ3: 0.0071666667 | BSA3: 0.0071666667 | BSB3: 0.0071666667 | BSC3: 0.0071666667 | BSD3: 0.0071666667 | BSE3: 0.007 | BSF3: 0.007 | BSG3: 0.007 | BSH3: 0.007 | BSI3: 0.007 | BSJ3: 0.007 | BSK3: 0.007 | BSL3: 0.007 | BSM3: 0.007 | BSN3: 0.007 | BSO3: 0.007 | BSP3: 0.0068333333 | BSQ3: 0.0065 | BSR3: 0.0065 | BSS3: 0.0065 | BST3: 0.0065 | BSU3: 0.0065 | BSV3: 0.0065 | BSW3: 0.0065 | BSX3: 0.0065 | BSY3: 0.0065 | BSZ3: 0.0065 | BTA3: 0.0065 | BTB3: 0.0065 | BTC3: 0.0065 | BTD3: 0.0065 | BTE3: 0.0065 | BTF3: 0.0065 | BTG3: 0.0065 | BTH3: 0.0065 | BTI3: 0.0065 | BTJ3: 0.0065 | BTK3: 0.0063333333 | BTL3: 0.0063333333 | BTM3: 0.0063333333 | BTN3: 0.0063333333 | BTO3: 0.0063333333 | BTP3: 0.0063333333 | BTQ3: 0.0061666667 | BTR3: 0.0061666667 | BTS3: 0.006 | BTT3: 0.0058333333 | BTU3: 0.0058333333 | BTV3: 0.0058333333 | BTW3: 0.0056666667 | BTX3: 0.0055 | BTY3: 0.0055 | BTZ3: 0.0055 | BUA3: 0.0055 | BUB3: 0.0055 | BUC3: 0.0055 | BUD3: 0.0055 | BUE3: 0.0055 | BUF3: 0.0055 | BUG3: 0.0055 | BUH3: 0.0055 | BUI3: 0.0053333333 | BUJ3: 0.0053333333 | BUK3: 0.0053333333 | BUL3: 0.0053333333 | BUM3: 0.0053333333 | BUN3: 0.0053333333 | BUO3: 0.0053333333 | BUP3: 0.0053333333 | BUQ3: 0.0053333333 | BUR3: 0.0053333333 | BUS3: 0.0053333333 | BUT3: 0.0053333333 | BUU3: 0.0053333333 | BUV3: 0.0053333333 | BUW3: 0.0053333333 | BUX3: 0.0053333333 | BUY3: 0.0053333333 | BUZ3: 0.0053333333 | BVA3: 0.0053333333 | BVB3: 0.0051666667 | BVC3: 0.0051666667 | BVD3: 0.005 | BVE3: 0.0048333333 | BVF3: 0.0048333333 | BVG3: 0.0048333333 | BVH3: 0.0048333333 | BVI3: 0.0048333333 | BVJ3: 0.0048333333 | BVK3: 0.0048333333 | BVL3: 0.0048333333 | BVM3: 0.0048333333 | BVN3: 0.0048333333 | BVO3: 0.0048333333 | BVP3: 0.0048333333 | BVQ3: 0.0048333333 | BVR3: 0.0048333333 | BVS3: 0.0048333333 | BVT3: 0.0048333333 | BVU3: 0.0048333333 | BVV3: 0.0048333333 | BVW3: 0.0046666667 | BVX3: 0.0046666667 | BVY3: 0.0045 | BVZ3: 0.0045 | BWA3: 0.0045 | BWB3: 0.0045 | BWC3: 0.0045 | BWD3: 0.0045 | BWE3: 0.0045 | BWF3: 0.0045 | BWG3: 0.0045 | BWH3: 0.0045 | BWI3: 0.0045 | BWJ3: 0.0045 | BWK3: 0.0045 | BWL3: 0.0045 | BWM3: 0.0045 | BWN3: 0.0043333333 | BWO3: 0.0043333333 | BWP3: 0.0043333333 | BWQ3: 0.0043333333 | BWR3: 0.0041666667 | BWS3: 0.0041666667 | BWT3: 0.0041666667 | BWU3: 0.0041666667 | BWV3: 0.0041666667 | BWW3: 0.004 | BWX3: 0.004 | BWY3: 0.004 | BWZ3: 0.004 | BXA3: 0.004 | BXB3: 0.004 | BXC3: 0.004 | BXD3: 0.004 | BXE3: 0.0038333333 | BXF3: 0.0036666667 | BXG3: 0.0036666667 | BXH3: 0.0036666667 | BXI3: 0.0035 | BXJ3: 0.0035 | BXK3: 0.0035 | BXL3: 0.0035 | BXM3: 0.0035 | BXN3: 0.0035 | BXO3: 0.0035 | BXP3: 0.0035 | BXQ3: 0.0035 | BXR3: 0.0035 | BXS3: 0.0033333333 | BXT3: 0.0031666667 | BXU3: 0.0031666667 | BXV3: 0.0031666667 | BXW3: 0.0031666667 | BXX3: 0.0031666667 | BXY3: 0.0031666667 | BXZ3: 0.0031666667 | BYA3: 0.0031666667 | BYB3: 0.0031666667 | BYC3: 0.0031666667 | BYD3: 0.0031666667 | BYE3: 0.0031666667 | BYF3: 0.0031666667 | BYG3: 0.0031666667 | BYH3: 0.0031666667 | BYI3: 0.0031666667 | BYJ3: 0.003 | BYK3: 0.003 | BYL3: 0.003 | BYM3: 0.003 | BYN3: 0.003 | BYO3: 0.003 | BYP3: 0.003 | BYQ3: 0.003 | BYR3: 0.0028333333 | BYS3: 0.0028333333 | BYT3: 0.0028333333 | BYU3: 0.0028333333 | BYV3: 0.0028333333 | BYW3: 0.0028333333 | BYX3: 0.0028333333 | BYY3: 0.0026666667 | BYZ3: 0.0025 | BZA3: 0.0025 | BZB3: 0.0025 | BZC3: 0.0025 | BZD3: 0.0025 | BZE3: 0.0023333333 | BZF3: 0.0023333333 | BZG3: 0.0023333333 | BZH3: 0.0023333333 | BZI3: 0.0023333333 | BZJ3: 0.0023333333 | BZK3: 0.0023333333 | BZL3: 0.0023333333 | BZM3: 0.0023333333 | BZN3: 0.0023333333 | BZO3: 0.0023333333 | BZP3: 0.0023333333 | BZQ3: 0.0023333333 | BZR3: 0.0023333333 | BZS3: 0.0023333333 | BZT3: 0.0023333333 | BZU3: 0.0023333333 | BZV3: 0.0023333333 | BZW3: 0.0021666667 | BZX3: 0.0021666667 | BZY3: 0.0021666667 | BZZ3: 0.0021666667 | CAA3: 0.0021666667 | CAB3: 0.0021666667 | CAC3: 0.0021666667 | CAD3: 0.0021666667 | CAE3: 0.0021666667 | CAF3: 0.0021666667 | CAG3: 0.0021666667 | CAH3: 0.002 | CAI3: 0.002 | CAJ3: 0.002 | CAK3: 0.002 | CAL3: 0.002 | CAM3: 0.0018333333 | CAN3: 0.0016666667 | CAO3: 0.0016666667 | CAP3: 0.0016666667 | CAQ3: 0.0016666667 | CAR3: 0.0016666667 | CAS3: 0.0016666667 | CAT3: 0.0016666667 | CAU3: 0.0016666667 | CAV3: 0.0016666667 | CAW3: 0.0016666667 | CAX3: 0.0016666667 | CAY3: 0.0016666667 | CAZ3: 0.0016666667 | CBA3: 0.0015 | CBB3: 0.0015 | CBC3: 0.0015 | CBD3: 0.0015 | CBE3: 0.0015 | CBF3: 0.0015 | CBG3: 0.0015 | CBH3: 0.0015 | CBI3: 0.0015 | CBJ3: 0.0015 | CBK3: 0.0015 | CBL3: 0.0015 | CBM3: 0.0015 | CBN3: 0.0015 | CBO3: 0.0015 | CBP3: 0.0015 | CBQ3: 0.0015 | CBR3: 0.0015 | CBS3: 0.0015 | CBT3: 0.0015 | CBU3: 0.0015 | CBV3: 0.0015 | CBW3: 0.0015 | CBX3: 0.0015 | CBY3: 0.0015 | CBZ3: 0.0015 | CCA3: 0.0015 | CCB3: 0.0015 | CCC3: 0.0015 | CCD3: 0.0015 | CCE3: 0.0015 | CCF3: 0.0015 | CCG3: 0.0015 | CCH3: 0.0015 | CCI3: 0.0015 | CCJ3: 0.0015 | CCK3: 0.0015 | CCL3: 0.0015 | CCM3: 0.0015 | CCN3: 0.0013333333 | CCO3: 0.0011666667 | CCP3: 0.0011666667 | CCQ3: 0.0011666667 | CCR3: 0.0011666667 | CCS3: 0.0011666667 | CCT3: 0.0011666667 | CCU3: 0.0011666667 | CCV3: 0.0011666667 | CCW3: 0.0011666667 | CCX3: 0.0011666667 | CCY3: 0.0011666667 | CCZ3: 0.0011666667 | CDA3: 0.0011666667 | CDB3: 0.0011666667 | CDC3: 0.0011666667 | CDD3: 0.0011666667 | CDE3: 0.0011666667 | CDF3: 0.0011666667 | CDG3: 0.0011666667 | CDH3: 0.0011666667 | CDI3: 0.0011666667 | CDJ3: 0.0011666667 | CDK3: 0.0011666667 | CDL3: 0.0011666667 | CDM3: 0.0011666667 | CDN3: 0.0011666667 | CDO3: 0.0011666667 | CDP3: 0.0011666667 | CDQ3: 0.0011666667 | CDR3: 0.0011666667 | CDS3: 0.0011666667 | CDT3: 0.0011666667 | CDU3: 0.0011666667 | CDV3: 0.0011666667 | CDW3: 0.0011666667 | CDX3: 0.0011666667 | CDY3: 0.0011666667 | CDZ3: 0.0011666667 | CEA3: 0.0011666667 | CEB3: 0.0011666667 | CEC3: 0.0011666667 | CED3: 0.0011666667 | CEE3: 0.0011666667 | CEF3: 0.0011666667 | CEG3: 0.0011666667 | CEH3: 0.0011666667 | CEI3: 0.0011666667 | CEJ3: 0.0011666667 | CEK3: 0.0011666667 | CEL3: 0.0011666667 | CEM3: 0.0011666667 | CEN3: 0.0011666667 | CEO3: 0.0011666667 | CEP3: 0.0011666667 | CEQ3: 0.0011666667 | CER3: 0.0011666667 | CES3: 0.0011666667 | CET3: 0.0011666667 | CEU3: 0.0011666667 | CEV3: 0.0011666667 | CEW3: 0.001 | CEX3: 0.001 | CEY3: 0.001 | CEZ3: 0.001 | CFA3: 0.001 | CFB3: 0.001 | CFC3: 0.001 | CFD3: 0.001 | CFE3: 0.001 | CFF3: 0.001 | CFG3: 0.001 | CFH3: 0.001 | CFI3: 0.00083333333 | CFJ3: 0.00083333333 | CFK3: 0.00083333333 | CFL3: 0.00083333333 | CFM3: 0.00083333333 | CFN3: 0.00083333333 | CFO3: 0.00083333333 | CFP3: 0.00083333333 | CFQ3: 0.00083333333 | CFR3: 0.00083333333 | CFS3: 0.00083333333 | CFT3: 0.00083333333 | CFU3: 0.00083333333 | CFV3: 0.00083333333 | CFW3: 0.00083333333 | CFX3: 0.00083333333 | CFY3: 0.00083333333 | CFZ3: 0.00083333333 | CGA3: 0.00083333333 | CGB3: 0.00083333333 | CGC3: 5e-04 | CGD3: 5e-04 | CGE3: 5e-04 | CGF3: 5e-04 | CGG3: 5e-04 | CGH3: 5e-04 | CGI3: 5e-04 | CGJ3: 5e-04 | CGK3: 5e-04 | CGL3: 5e-04 | CGM3: 5e-04 | CGN3: 5e-04 | CGO3: 5e-04 | CGP3: 5e-04 | CGQ3: 5e-04 | CGR3: 5e-04 | CGS3: 5e-04 | CGT3: 5e-04 | CGU3: 5e-04 | CGV3: 5e-04 | CGW3: 5e-04 | CGX3: 5e-04 | CGY3: 0.00033333333 | CGZ3: 0.00033333333 | CHA3: 0.00033333333 | CHB3: 0.00033333333 | CHC3: 0.00033333333 | CHD3: 0.00033333333 | CHE3: 0.00033333333 | CHF3: 0.00033333333 | CHG3: 0.00033333333 | CHH3: 0.00033333333 | CHI3: 0.00033333333 | CHJ3: 0.00033333333 | CHK3: 0.00033333333 | CHL3: 0.00033333333 | CHM3: 0.00033333333 | CHN3: 0.00033333333 | CHO3: 0.00033333333 | CHP3: 0.00033333333 | CHQ3: 0.00033333333 | CHR3: 0.00033333333 | CHS3: 0.00033333333 | CHT3: 0.00033333333 | CHU3: 0.00033333333 | CHV3: 0.00033333333 | CHW3: 0.00033333333 | CHX3: 0.00033333333 | CHY3: 0.00033333333 | CHZ3: 0.00033333333 | CIA3: 0.00033333333 | CIB3: 0.00033333333 | CIC3: 0.00033333333 | CID3: 0.00033333333 | CIE3: 0.00033333333 | CIF3: 0.00033333333 | CIG3: 0.00033333333 | CIH3: 0.00033333333 | CII3: 0.00033333333 | CIJ3: 0.00033333333 | CIK3: 0.00033333333 | CIL3: 0.00033333333 | CIM3: 0.00033333333 | CIN3: 0.00033333333 | CIO3: 0.00033333333 | CIP3: 0.00033333333 | CIQ3: 0.00033333333 | CIR3: 0.00033333333 | CIS3: 0.00033333333 | CIT3: 0.00033333333 | CIU3: 0.00033333333 | CIV3: 0.00033333333 | CIW3: 0.00033333333 | CIX3: 0.00033333333 | CIY3: 0.00033333333 | CIZ3: 0.00033333333 | CJA3: 0.00033333333 | CJB3: 0.00033333333 | CJC3: 0.00033333333 | CJD3: 0.00033333333 | CJE3: 0.00033333333 | CJF3: 0.00033333333 | CJG3: 0.00033333333 | CJH3: 0.00033333333 | CJI3: 0.00033333333 | CJJ3: 0.00033333333 | CJK3: 0.00033333333 | CJL3: 0.00033333333 | CJM3: 0.00033333333 | CJN3: 0.00033333333 | CJO3: 0.00033333333 | CJP3: 0.00033333333 | CJQ3: 0.00033333333 | CJR3: 0.00033333333 | CJS3: 0.00033333333 | CJT3: 0.00033333333 | CJU3: 0.00033333333 | CJV3: 0.00033333333 | CJW3: 0.00033333333 | CJX3: 0.00033333333 | CJY3: 0.00016666667 | CJZ3: 0.00016666667 | CKA3: 0.00016666667 | CKB3: 0.00016666667 | CKC3: 0.00016666667 | CKD3: 0.00016666667 | CKE3: 0.00016666667 | CKF3: 0.00016666667 | CKG3: 0.00016666667 | CKH3: 0.00016666667 | CKI3: 0.00016666667 | CKJ3: 0.00016666667 | CKK3: 0.00016666667 | CKL3: 0.00016666667 | CKM3: 0.00016666667 | CKN3: 0.00016666667 | CKO3: 0.00016666667 | CKP3: 0.00016666667 | CKQ3: 0.00016666667 | CKR3: 0.00016666667 | CKS3: 0.00016666667 | CKT3: 0.00016666667 | CKU3: 0.00016666667 | CKV3: 0.00016666667 | CKW3: 0.00016666667 | CKX3: 0.00016666667 | CKY3: 0.00016666667 | CKZ3: 0.00016666667 | CLA3: 0.00016666667 | CLB3: 0.00016666667 | CLC3: 0.00016666667 | CLD3: 0.00016666667 | CLE3: 0.00016666667 | CLF3: 0.00016666667 | CLG3: 0.00016666667 | CLH3: 0.00016666667 | CLI3: 0.00016666667 | CLJ3: 0.00016666667 | CLK3: 0.00016666667 | CLL3: 0.00016666667 | CLM3: 0.00016666667 | CLN3: 0.00016666667 | CLO3: 0.00016666667 | CLP3: 0.00016666667 | CLQ3: 0.00016666667 | CLR3: 0.00016666667 | CLS3: 0.00016666667 | CLT3: 0.00016666667 | CLU3: 0.00016666667 | CLV3: 0.00016666667 | CLW3: 0.00016666667 | CLX3: 0.00016666667 | CLY3: 0.00016666667 | CLZ3: 0.00016666667 | CMA3: 0.00016666667 | CMB3: 0.00016666667 | CMC3: 0.00016666667 | CMD3: 0.00016666667 | CME3: 0.00016666667 | CMF3: 0.00016666667 | CMG3: 0.00016666667 | CMH3: 0.00016666667 | CMI3: 0.00016666667 | CMJ3: 0.00016666667 | CMK3: 0.00016666667 | CML3: 0.00016666667 | CMM3: 0.00016666667 | CMN3: 0.00016666667 | CMO3: 0.00016666667 | CMP3: 0.00016666667 | CMQ3: 0.00016666667 | CMR3: 0.00016666667 | CMS3: 0.00016666667 | CMT3: 0.00016666667 | CMU3: 0.00016666667 | CMV3: 0.00016666667 | CMW3: 0.00016666667 | CMX3: 0.00016666667 | CMY3: 0 | CMZ3: 0 | CNA3: 0 | CNB3: 0 | CNC3: 0 | CND3: 0 | CNE3: 0 | CNF3: 0 | CNG3: 0 | CNH3: 0 | CNI3: 0 | CNJ3: 0 | CNK3: 0 | CNL3: 0 | CNM3: 0 | CNN3: 0 | CNO3: 0 | CNP3: 0 | CNQ3: 0 | CNR3: 0 | CNS3: 0 | CNT3: 0 | CNU3: 0 | CNV3: 0 | CNW3: 0 | CNX3: 0 | CNY3: 0 | CNZ3: 0 | COA3: 0 | COB3: 0 | COC3: 0 | COD3: 0 | COE3: 0 | COF3: 0 | COG3: 0 | COH3: 0 | COI3: 0 | COJ3: 0 | COK3: 0 | COL3: 0 | COM3: 0 | CON3: 0 | COO3: 0 | COP3: 0 | COQ3: 0 | COR3: 0 | COS3: 0 | COT3: 0 | COU3: 0 | COV3: 0 | COW3: 0 | COX3: 0 | COY3: 0 | COZ3: 0 | CPA3: 0 | CPB3: 0 | CPC3: 0 | CPD3: 0 | CPE3: 0 | CPF3: 0 | CPG3: 0 | CPH3: 0 | CPI3: 0 | CPJ3: 0 | CPK3: 0 | CPL3: 0 | CPM3: 0 | CPN3: 0 | CPO3: 0 | CPP3: 0 | CPQ3: 0 | CPR3: 0 | CPS3: 0 | CPT3: 0 | CPU3: 0 | CPV3: 0 | CPW3: 0 | CPX3: 0 | CPY3: 0 | CPZ3: 0 | CQA3: 0 | CQB3: 0 | CQC3: 0 | CQD3: 0 | CQE3: 0 | CQF3: 0 | CQG3: 0 | CQH3: 0 | CQI3: 0 | CQJ3: 0 | CQK3: 0 | CQL3: 0 | CQM3: 0 | CQN3: 0 | CQO3: 0 | CQP3: 0 | CQQ3: 0 | CQR3: 0 | CQS3: 0 | CQT3: 0 | CQU3: 0 | CQV3: 0 | CQW3: 0 | CQX3: 0 | CQY3: 0 | CQZ3: 0 | CRA3: 0 | CRB3: 0 | CRC3: 0 | CRD3: 0 | CRE3: 0 | CRF3: 0 | CRG3: 0 | CRH3: 0 | CRI3: 0 | CRJ3: 0 | CRK3: 0 | CRL3: 0 | CRM3: 0 | CRN3: 0 | CRO3: 0 | CRP3: 0 | CRQ3: 0 | CRR3: 0 | CRS3: 0 | CRT3: 0 | CRU3: 0 | CRV3: 0 | CRW3: 0 | CRX3: 0 | CRY3: 0 | CRZ3: 0 | CSA3: 0 | CSB3: 0 | CSC3: 0 | CSD3: 0 | CSE3: 0 | CSF3: 0 | CSG3: 0 | CSH3: 0 | CSI3: 0 | CSJ3: 0 | CSK3: 0 | CSL3: 0 | CSM3: 0 | CSN3: 0 | CSO3: 0 | CSP3: 0 | CSQ3: 0 | CSR3: 0 | CSS3: 0 | CST3: 0 | CSU3: 0 | CSV3: 0 | CSW3: 0 | CSX3: 0 | CSY3: 0 | CSZ3: 0 | CTA3: 0 | CTB3: 0 | CTC3: 0 | CTD3: 0 | CTE3: 0 | CTF3: 0 | CTG3: 0 | CTH3: 0 | CTI3: 0 | CTJ3: 0 | CTK3: 0 | CTL3: 0 | CTM3: 0 | CTN3: 0 | CTO3: 0 | CTP3: 0 | CTQ3: 0 | CTR3: 0 | CTS3: 0 | CTT3: 0 | CTU3: 0 | CTV3: 0 | CTW3: 0 | CTX3: 0 | CTY3: 0 | CTZ3: 0 | CUA3: 0 | CUB3: 0 | CUC3: 0 | CUD3: 0 | CUE3: 0 | CUF3: 0 | CUG3: 0 | CUH3: 0 | CUI3: 0 | CUJ3: 0 | CUK3: 0 | CUL3: 0 | CUM3: 0 | CUN3: 0 | CUO3: 0 | CUP3: 0 | CUQ3: 0 | CUR3: 0 | CUS3: 0 | CUT3: 0 | CUU3: 0 | CUV3: 0 | CUW3: 0 | CUX3: 0 | CUY3: 0 | CUZ3: 0 | CVA3: 0 | CVB3: 0 | CVC3: 0 | CVD3: 0 | CVE3: 0 | CVF3: 0 | CVG3: 0 | CVH3: 0 | CVI3: 0 | CVJ3: 0 | CVK3: 0 | CVL3: 0 | CVM3: 0 | CVN3: 0 | CVO3: 0 | CVP3: 0 | CVQ3: 0 | CVR3: 0 | CVS3: 0 | CVT3: 0 | CVU3: 0 | CVV3: 0 | CVW3: 0 | CVX3: 0 | CVY3: 0 | CVZ3: 0 | CWA3: 0 | CWB3: 0 | CWC3: 0 | CWD3: 0 | CWE3: 0 | CWF3: 0 | CWG3: 0 | CWH3: 0 | CWI3: 0 | CWJ3: 0 | CWK3: 0 | CWL3: 0 | CWM3: 0 | CWN3: 0 | CWO3: 0 | CWP3: 0 | CWQ3: 0 | CWR3: 0 | CWS3: 0 | CWT3: 0 | CWU3: 0 | CWV3: 0 | CWW3: 0 | CWX3: 0 | CWY3: 0 | CWZ3: 0 | CXA3: 0 | CXB3: 0 | CXC3: 0 | CXD3: 0 | CXE3: 0 | CXF3: 0 | CXG3: 0 | CXH3: 0 | CXI3: 0 | CXJ3: 0 | CXK3: 0 | CXL3: 0 | CXM3: 0 | CXN3: 0 | CXO3: 0 | CXP3: 0 | CXQ3: 0 | CXR3: 0 | CXS3: 0 | CXT3: 0 | CXU3: 0 | CXV3: 0 | CXW3: 0 | CXX3: 0 | CXY3: 0 | CXZ3: 0 | CYA3: 0 | CYB3: 0 | CYC3: 0 | CYD3: 0 | CYE3: 0 | CYF3: 0 | CYG3: 0 | CYH3: 0 | CYI3: 0 | CYJ3: 0 | CYK3: 0 | CYL3: 0 | CYM3: 0 | CYN3: 0 | CYO3: 0 | CYP3: 0 | CYQ3: 0 | CYR3: 0 | CYS3: 0 | CYT3: 0 | CYU3: 0 | CYV3: 0 | CYW3: 0 | CYX3: 0 | CYY3: 0 | CYZ3: 0 | CZA3: 0 | CZB3: 0 | CZC3: 0 | CZD3: 0 | CZE3: 0 | CZF3: 0 | CZG3: 0 | CZH3: 0 | CZI3: 0 | CZJ3: 0 | CZK3: 0 | CZL3: 0 | CZM3: 0 | CZN3: 0 | CZO3: 0 | CZP3: 0 | CZQ3: 0 | CZR3: 0 | CZS3: 0 | CZT3: 0 | CZU3: 0 | CZV3: 0 | CZW3: 0 | CZX3: 0 | CZY3: 0 | CZZ3: 0 | DAA3: 0 | DAB3: 0 | DAC3: 0 | DAD3: 0 | DAE3: 0 | DAF3: 0 | DAG3: 0 | DAH3: 0 | DAI3: 0 | DAJ3: 0 | DAK3: 0 | DAL3: 0 | DAM3: 0 | DAN3: 0 | DAO3: 0 | DAP3: 0 | DAQ3: 0 | DAR3: 0 | DAS3: 0 | DAT3: 0 | DAU3: 0 | DAV3: 0 | DAW3: 0 | DAX3: 0 | DAY3: 0 | DAZ3: 0 | DBA3: 0 | DBB3: 0 | DBC3: 0 | DBD3: 0 | DBE3: 0 | DBF3: 0 | DBG3: 0 | DBH3: 0 | DBI3: 0 | DBJ3: 0 | DBK3: 0 | DBL3: 0 | DBM3: 0 | DBN3: 0 | DBO3: 0 | DBP3: 0 | DBQ3: 0 | DBR3: 0 | DBS3: 0 | DBT3: 0 | DBU3: 0 | DBV3: 0 | DBW3: 0 | DBX3: 0 | DBY3: 0 | DBZ3: 0 | DCA3: 0 | DCB3: 0 | DCC3: 0 | DCD3: 0 | DCE3: 0 | DCF3: 0 | DCG3: 0 | DCH3: 0 | DCI3: 0 | DCJ3: 0 | DCK3: 0 | DCL3: 0 | DCM3: 0 | DCN3: 0 | DCO3: 0 | DCP3: 0 | DCQ3: 0 | DCR3: 0 | DCS3: 0 | DCT3: 0 | DCU3: 0 | DCV3: 0 | DCW3: 0 | DCX3: 0 | DCY3: 0 | DCZ3: 0 | DDA3: 0 | DDB3: 0 | DDC3: 0 | DDD3: 0 | DDE3: 0 | DDF3: 0 | DDG3: 0 | DDH3: 0 | DDI3: 0 | DDJ3: 0 | DDK3: 0 | DDL3: 0 | DDM3: 0 | DDN3: 0 | DDO3: 0 | DDP3: 0 | DDQ3: 0 | DDR3: 0 | DDS3: 0 | DDT3: 0 | DDU3: 0 | DDV3: 0 | DDW3: 0 | DDX3: 0 | DDY3: 0 | DDZ3: 0 | DEA3: 0 | DEB3: 0 | DEC3: 0 | DED3: 0 | DEE3: 0 | DEF3: 0 | DEG3: 0 | DEH3: 0 | DEI3: 0 | DEJ3: 0 | DEK3: 0 | DEL3: 0 | DEM3: 0 | DEN3: 0 | DEO3: 0 | DEP3: 0 | DEQ3: 0 | DER3: 0 | DES3: 0 | DET3: 0 | DEU3: 0 | DEV3: 0 | DEW3: 0 | DEX3: 0 | DEY3: 0 | DEZ3: 0 | DFA3: 0 | DFB3: 0 | DFC3: 0 | DFD3: 0 | DFE3: 0 | DFF3: 0 | DFG3: 0 | DFH3: 0 | DFI3: 0 | DFJ3: 0 | DFK3: 0 | DFL3: 0 | DFM3: 0 | DFN3: 0 | DFO3: 0 | DFP3: 0 | DFQ3: 0 | DFR3: 0 | DFS3: 0 | DFT3: 0 | DFU3: 0 | DFV3: 0 | DFW3: 0 | DFX3: 0 | DFY3: 0 | DFZ3: 0 | DGA3: 0 | DGB3: 0 | DGC3: 0 | DGD3: 0 | DGE3: 0 | DGF3: 0 | DGG3: 0 | DGH3: 0 | DGI3: 0 | DGJ3: 0 | DGK3: 0 | DGL3: 0 | DGM3: 0 | DGN3: 0 | DGO3: 0 | DGP3: 0 | DGQ3: 0 | DGR3: 0 | DGS3: 0 | DGT3: 0 | DGU3: 0 | DGV3: 0 | DGW3: 0 | DGX3: 0 | DGY3: 0 | DGZ3: 0 | DHA3: 0 | DHB3: 0 | DHC3: 0 | DHD3: 0 | DHE3: 0 | DHF3: 0 | DHG3: 0 | DHH3: 0 | DHI3: 0 | DHJ3: 0 | DHK3: 0 | DHL3: 0 | DHM3: 0 | DHN3: 0 | DHO3: 0 | DHP3: 0 | DHQ3: 0 | DHR3: 0 | DHS3: 0 | DHT3: 0 | DHU3: 0 | DHV3: 0 | DHW3: 0 | DHX3: 0 | DHY3: 0 | DHZ3: 0 | DIA3: 0 | DIB3: 0 | DIC3: 0 | DID3: 0 | DIE3: 0 | DIF3: 0 | DIG3: 0 | DIH3: 0 | DII3: 0 | DIJ3: 0 | DIK3: 0 | DIL3: 0 | DIM3: 0 | DIN3: 0 | DIO3: 0 | DIP3: 0 | DIQ3: 0 | DIR3: 0 | DIS3: 0 | DIT3: 0 | DIU3: 0 | DIV3: 0 | DIW3: 0 | DIX3: 0 | DIY3: 0 | DIZ3: 0 | DJA3: 0 | DJB3: 0 | DJC3: 0 | DJD3: 0 | DJE3: 0 | DJF3: 0 | DJG3: 0 | DJH3: 0 | DJI3: 0 | DJJ3: 0 | DJK3: 0 | DJL3: 0 | DJM3: 0 | DJN3: 0 | DJO3: 0 | DJP3: 0 | DJQ3: 0 | DJR3: 0 | DJS3: 0 | DJT3: 0 | DJU3: 0 | DJV3: 0 | DJW3: 0 | DJX3: 0 | DJY3: 0 | DJZ3: 0 | DKA3: 0 | DKB3: 0 | DKC3: 0 | DKD3: 0 | DKE3: 0 | DKF3: 0 | DKG3: 0 | DKH3: 0 | DKI3: 0 | DKJ3: 0 | DKK3: 0 | DKL3: 0 | DKM3: 0 | DKN3: 0 | DKO3: 0 | DKP3: 0 | DKQ3: 0 | DKR3: 0 | DKS3: 0 | DKT3: 0 | DKU3: 0 | DKV3: 0 | DKW3: 0 | DKX3: 0 | DKY3: 0 | DKZ3: 0 | DLA3: 0 | DLB3: 0 | DLC3: 0 | DLD3: 0 | DLE3: 0 | DLF3: 0 | DLG3: 0 | DLH3: 0 | DLI3: 0 | DLJ3: 0 | DLK3: 0 | DLL3: 0 | DLM3: 0 | DLN3: 0 | DLO3: 0 | DLP3: 0 | DLQ3: 0 | DLR3: 0 | DLS3: 0 | DLT3: 0 | DLU3: 0 | DLV3: 0 | DLW3: 0 | DLX3: 0 | DLY3: 0 | DLZ3: 0 | DMA3: 0 | DMB3: 0 | DMC3: 0 | DMD3: 0 | DME3: 0 | DMF3: 0 | DMG3: 0 | DMH3: 0 | DMI3: 0 | DMJ3: 0 | DMK3: 0 | DML3: 0 | DMM3: 0 | DMN3: 0 | DMO3: 0 | DMP3: 0 | DMQ3: 0 | DMR3: 0 | DMS3: 0 | DMT3: 0 | DMU3: 0 | DMV3: 0 | DMW3: 0 | DMX3: 0 | DMY3: 0 | DMZ3: 0 | DNA3: 0 | DNB3: 0 | DNC3: 0 | DND3: 0 | DNE3: 0 | DNF3: 0 | DNG3: 0 | DNH3: 0 | DNI3: 0 | DNJ3: 0 | DNK3: 0 | DNL3: 0 | DNM3: 0 | DNN3: 0 | DNO3: 0 | DNP3: 0 | DNQ3: 0 | DNR3: 0 | DNS3: 0 | DNT3: 0 | DNU3: 0 | DNV3: 0 | DNW3: 0 | DNX3: 0 | DNY3: 0 | DNZ3: 0 | DOA3: 0 | DOB3: 0 | DOC3: 0 | DOD3: 0 | DOE3: 0 | DOF3: 0 | DOG3: 0 | DOH3: 0 | DOI3: 0 | DOJ3: 0 | DOK3: 0 | DOL3: 0 | DOM3: 0 | DON3: 0 | DOO3: 0 | DOP3: 0 | DOQ3: 0 | DOR3: 0 | DOS3: 0 | DOT3: 0 | DOU3: 0 | DOV3: 0 | DOW3: 0 | DOX3: 0 | DOY3: 0 | DOZ3: 0 | DPA3: 0 | DPB3: 0 | DPC3: 0 | DPD3: 0 | DPE3: 0 | DPF3: 0 | DPG3: 0 | DPH3: 0 | DPI3: 0 | DPJ3: 0 | DPK3: 0 | DPL3: 0 | DPM3: 0 | DPN3: 0 | DPO3: 0 | DPP3: 0 | DPQ3: 0 | DPR3: 0 | DPS3: 0 | DPT3: 0 | DPU3: 0 | DPV3: 0 | DPW3: 0 | DPX3: 0 | DPY3: 0 | DPZ3: 0 | DQA3: 0 | DQB3: 0 | DQC3: 0 | DQD3: 0 | DQE3: 0 | DQF3: 0 | DQG3: 0 | DQH3: 0 | DQI3: 0 | DQJ3: 0 | DQK3: 0 | DQL3: 0 | DQM3: 0 | DQN3: 0 | DQO3: 0 | DQP3: 0 | DQQ3: 0 | DQR3: 0 | DQS3: 0 | DQT3: 0 | DQU3: 0 | DQV3: 0 | DQW3: 0 | DQX3: 0 | DQY3: 0 | DQZ3: 0 | DRA3: 0 | DRB3: 0 | DRC3: 0 | DRD3: 0 | DRE3: 0 | DRF3: 0 | DRG3: 0 | DRH3: 0 | DRI3: 0 | DRJ3: 0 | DRK3: 0 | DRL3: 0 | DRM3: 0 | DRN3: 0 | DRO3: 0 | DRP3: 0 | DRQ3: 0 | DRR3: 0 | DRS3: 0 | DRT3: 0 | DRU3: 0 | DRV3: 0 | DRW3: 0 | DRX3: 0 | DRY3: 0 | DRZ3: 0 | DSA3: 0 | DSB3: 0 | DSC3: 0 | DSD3: 0 | DSE3: 0 | DSF3: 0 | DSG3: 0 | DSH3: 0 | DSI3: 0 | DSJ3: 0 | DSK3: 0 | DSL3: 0 | DSM3: 0 | DSN3: 0 | DSO3: 0 | DSP3: 0 | DSQ3: 0 | DSR3: 0 | DSS3: 0 | DST3: 0 | DSU3: 0 | DSV3: 0 | DSW3: 0 | DSX3: 0 | DSY3: 0 | DSZ3: 0 | DTA3: 0 | DTB3: 0 | DTC3: 0 | DTD3: 0 | DTE3: 0 | DTF3: 0 | DTG3: 0 | DTH3: 0 | DTI3: 0 | DTJ3: 0 | DTK3: 0 | DTL3: 0 | DTM3: 0 | DTN3: 0 | DTO3: 0 | DTP3: 0 | DTQ3: 0 | DTR3: 0 | DTS3: 0 | DTT3: 0 | DTU3: 0 | DTV3: 0 | DTW3: 0 | DTX3: 0 | DTY3: 0 | DTZ3: 0 | DUA3: 0 | DUB3: 0 | DUC3: 0 | DUD3: 0 | DUE3: 0 | DUF3: 0 | DUG3: 0 | DUH3: 0 | DUI3: 0 | DUJ3: 0 | DUK3: 0 | DUL3: 0 | DUM3: 0 | DUN3: 0 | DUO3: 0 | DUP3: 0 | DUQ3: 0 | DUR3: 0 | DUS3: 0 | DUT3: 0 | DUU3: 0 | DUV3: 0 | DUW3: 0 | DUX3: 0 | DUY3: 0 | DUZ3: 0 | DVA3: 0 | DVB3: 0 | DVC3: 0 | DVD3: 0 | DVE3: 0 | DVF3: 0 | DVG3: 0 | DVH3: 0 | DVI3: 0 | DVJ3: 0 | DVK3: 0 | DVL3: 0 | DVM3: 0 | DVN3: 0 | DVO3: 0 | DVP3: 0 | DVQ3: 0 | DVR3: 0 | DVS3: 0 | DVT3: 0 | DVU3: 0 | DVV3: 0 | DVW3: 0 | DVX3: 0 | DVY3: 0 | DVZ3: 0 | DWA3: 0 | DWB3: 0 | DWC3: 0 | DWD3: 0 | DWE3: 0 | DWF3: 0 | DWG3: 0 | DWH3: 0 | DWI3: 0 | DWJ3: 0 | DWK3: 0 | DWL3: 0 | DWM3: 0 | DWN3: 0 | DWO3: 0 | DWP3: 0 | DWQ3: 0 | DWR3: 0 | DWS3: 0 | DWT3: 0 | DWU3: 0 | DWV3: 0 | DWW3: 0 | DWX3: 0 | DWY3: 0 | DWZ3: 0 | DXA3: 0 | DXB3: 0 | DXC3: 0 | DXD3: 0 | DXE3: 0 | DXF3: 0 | DXG3: 0 | DXH3: 0 | DXI3: 0 | DXJ3: 0 | DXK3: 0 | DXL3: 0 | DXM3: 0 | DXN3: 0 | DXO3: 0 | DXP3: 0 | DXQ3: 0 | DXR3: 0 | DXS3: 0 | DXT3: 0 | DXU3: 0 | DXV3: 0 | DXW3: 0 | DXX3: 0 | DXY3: 0 | DXZ3: 0 | DYA3: 0 | DYB3: 0 | DYC3: 0 | DYD3: 0 | DYE3: 0 | DYF3: 0 | DYG3: 0 | DYH3: 0 | DYI3: 0 | DYJ3: 0 | DYK3: 0 | DYL3: 0 | DYM3: 0 | DYN3: 0 | DYO3: 0 | DYP3: 0 | DYQ3: 0 | DYR3: 0 | DYS3: 0 | DYT3: 0 | DYU3: 0 | DYV3: 0 | DYW3: 0 | DYX3: 0 | DYY3: 0 | DYZ3: 0 | DZA3: 0 | DZB3: 0 | DZC3: 0 | DZD3: 0 | DZE3: 0 | DZF3: 0 | DZG3: 0 | DZH3: 0 | DZI3: 0 | DZJ3: 0 | DZK3: 0 | DZL3: 0 | DZM3: 0 | DZN3: 0 | DZO3: 0 | DZP3: 0 | DZQ3: 0 | DZR3: 0 | DZS3: 0 | DZT3: 0 | DZU3: 0 | DZV3: 0 | DZW3: 0 | DZX3: 0 | DZY3: 0 | DZZ3: 0 | EAA3: 0 | EAB3: 0 | EAC3: 0 | EAD3: 0 | EAE3: 0 | EAF3: 0 | EAG3: 0 | EAH3: 0 | EAI3: 0 | EAJ3: 0 | EAK3: 0 | EAL3: 0 | EAM3: 0 | EAN3: 0 | EAO3: 0 | EAP3: 0 | EAQ3: 0 | EAR3: 0 | EAS3: 0 | EAT3: 0 | EAU3: 0 | EAV3: 0 | EAW3: 0 | EAX3: 0 | EAY3: 0 | EAZ3: 0 | EBA3: 0 | EBB3: 0 | EBC3: 0 | EBD3: 0 | EBE3: 0 | EBF3: 0 | EBG3: 0 | EBH3: 0 | EBI3: 0 | EBJ3: 0 | EBK3: 0 | EBL3: 0 | EBM3: 0 | EBN3: 0 | EBO3: 0 | EBP3: 0 | EBQ3: 0 | EBR3: 0 | EBS3: 0 | EBT3: 0 | EBU3: 0 | EBV3: 0 | EBW3: 0 | EBX3: 0 | EBY3: 0 | EBZ3: 0 | ECA3: 0 | ECB3: 0 | ECC3: 0 | ECD3: 0 | ECE3: 0 | ECF3: 0 | ECG3: 0 | ECH3: 0 | ECI3: 0 | ECJ3: 0 | ECK3: 0 | ECL3: 0 | ECM3: 0 | ECN3: 0 | ECO3: 0 | ECP3: 0 | ECQ3: 0 | ECR3: 0 | ECS3: 0 | ECT3: 0 | ECU3: 0 | ECV3: 0 | ECW3: 0 | ECX3: 0 | ECY3: 0 | ECZ3: 0 | EDA3: 0 | EDB3: 0 | EDC3: 0 | EDD3: 0 | EDE3: 0 | EDF3: 0 | EDG3: 0 | EDH3: 0 | EDI3: 0 | EDJ3: 0 | EDK3: 0 | EDL3: 0 | EDM3: 0 | EDN3: 0 | EDO3: 0 | EDP3: 0 | EDQ3: 0 | EDR3: 0 | EDS3: 0 | EDT3: 0 | EDU3: 0 | EDV3: 0 | EDW3: 0 | EDX3: 0 | EDY3: 0 | EDZ3: 0 | EEA3: 0 | EEB3: 0 | EEC3: 0 | EED3: 0 | EEE3: 0 | EEF3: 0 | EEG3: 0 | EEH3: 0 | EEI3: 0 | EEJ3: 0 | EEK3: 0 | EEL3: 0 | EEM3: 0 | EEN3: 0 | EEO3: 0 | EEP3: 0 | EEQ3: 0 | EER3: 0 | EES3: 0 | EET3: 0 | EEU3: 0 | EEV3: 0 | EEW3: 0 | EEX3: 0 | EEY3: 0 | EEZ3: 0 | EFA3: 0 | EFB3: 0 | EFC3: 0 | EFD3: 0 | EFE3: 0 | EFF3: 0 | EFG3: 0 | EFH3: 0 | EFI3: 0 | EFJ3: 0 | EFK3: 0 | EFL3: 0 | EFM3: 0 | EFN3: 0 | EFO3: 0 | EFP3: 0 | EFQ3: 0 | EFR3: 0 | EFS3: 0 | EFT3: 0 | EFU3: 0 | EFV3: 0 | EFW3: 0 | EFX3: 0 | EFY3: 0 | EFZ3: 0 | EGA3: 0 | EGB3: 0 | EGC3: 0 | EGD3: 0 | EGE3: 0 | EGF3: 0 | EGG3: 0 | EGH3: 0 | EGI3: 0 | EGJ3: 0 | EGK3: 0 | EGL3: 0 | EGM3: 0 | EGN3: 0 | EGO3: 0 | EGP3: 0 | EGQ3: 0 | EGR3: 0 | EGS3: 0 | EGT3: 0 | EGU3: 0 | EGV3: 0 | EGW3: 0 | EGX3: 0 | EGY3: 0 | EGZ3: 0 | EHA3: 0 | EHB3: 0 | EHC3: 0 | EHD3: 0 | EHE3: 0 | EHF3: 0 | EHG3: 0 | EHH3: 0 | EHI3: 0 | EHJ3: 0 | EHK3: 0 | EHL3: 0 | EHM3: 0 | EHN3: 0 | EHO3: 0 | EHP3: 0 | EHQ3: 0 | EHR3: 0 | EHS3: 0 | EHT3: 0 | EHU3: 0 | EHV3: 0 | EHW3: 0 | EHX3: 0 | EHY3: 0 | EHZ3: 0 | EIA3: 0 | EIB3: 0 | EIC3: 0 | EID3: 0 | EIE3: 0 | EIF3: 0 | EIG3: 0 | EIH3: 0 | EII3: 0 | EIJ3: 0 | EIK3: 0 | EIL3: 0 | EIM3: 0 | EIN3: 0 | EIO3: 0 | EIP3: 0 | EIQ3: 0 | EIR3: 0 | EIS3: 0 | EIT3: 0 | EIU3: 0 | EIV3: 0 | EIW3: 0 | EIX3: 0 | EIY3: 0 | EIZ3: 0 | EJA3: 0 | EJB3: 0 | EJC3: 0 | EJD3: 0 | EJE3: 0 | EJF3: 0 | EJG3: 0 | EJH3: 0 | EJI3: 0 | EJJ3: 0 | EJK3: 0 | EJL3: 0 | EJM3: 0 | EJN3: 0 | EJO3: 0 | EJP3: 0 | EJQ3: 0 | EJR3: 0 | EJS3: 0 | EJT3: 0 | EJU3: 0 | EJV3: 0 | EJW3: 0 | EJX3: 0 | EJY3: 0 | EJZ3: 0 | EKA3: 0 | EKB3: 0 | EKC3: 0 | EKD3: 0 | EKE3: 0 | EKF3: 0 | EKG3: 0 | EKH3: 0 | EKI3: 0 | EKJ3: 0 | EKK3: 0 | EKL3: 0 | EKM3: 0 | EKN3: 0 | EKO3: 0 | EKP3: 0 | EKQ3: 0 | EKR3: 0 | EKS3: 0 | EKT3: 0 | EKU3: 0 | EKV3: 0 | EKW3: 0 | EKX3: 0 | EKY3: 0 | EKZ3: 0 | ELA3: 0 | ELB3: 0 | ELC3: 0 | ELD3: 0 | ELE3: 0 | ELF3: 0 | ELG3: 0 | ELH3: 0 | ELI3: 0 | ELJ3: 0 | ELK3: 0 | ELL3: 0 | ELM3: 0 | ELN3: 0 | ELO3: 0 | ELP3: 0 | ELQ3: 0 | ELR3: 0 | ELS3: 0 | ELT3: 0 | ELU3: 0 | ELV3: 0 | ELW3: 0 | ELX3: 0 | ELY3: 0 | ELZ3: 0 | EMA3: 0 | EMB3: 0 | EMC3: 0 | EMD3: 0 | EME3: 0 | EMF3: 0 | EMG3: 0 | EMH3: 0 | EMI3: 0 | EMJ3: 0 | EMK3: 0 | EML3: 0 | EMM3: 0 | EMN3: 0 | EMO3: 0 | EMP3: 0 | EMQ3: 0 | EMR3: 0 | EMS3: 0 | EMT3: 0 | EMU3: 0 | EMV3: 0 | EMW3: 0 | EMX3: 0 | EMY3: 0 | EMZ3: 0 | ENA3: 0 | ENB3: 0 | ENC3: 0 | END3: 0 | ENE3: 0 | ENF3: 0 | ENG3: 0 | ENH3: 0 | ENI3: 0 | ENJ3: 0 | ENK3: 0 | ENL3: 0 | ENM3: 0 | ENN3: 0 | ENO3: 0 | ENP3: 0 | ENQ3: 0 | ENR3: 0 | ENS3: 0 | ENT3: 0 | ENU3: 0 | ENV3: 0 | ENW3: 0 | ENX3: 0 | ENY3: 0 | ENZ3: 0 | EOA3: 0 | EOB3: 0 | EOC3: 0 | EOD3: 0 | EOE3: 0 | EOF3: 0 | EOG3: 0 | EOH3: 0 | EOI3: 0 | EOJ3: 0 | EOK3: 0 | EOL3: 0 | EOM3: 0 | EON3: 0 | EOO3: 0 | EOP3: 0 | EOQ3: 0 | EOR3: 0 | EOS3: 0 | EOT3: 0 | EOU3: 0 | EOV3: 0 | EOW3: 0 | EOX3: 0 | EOY3: 0 | EOZ3: 0 | EPA3: 0 | EPB3: 0 | EPC3: 0 | EPD3: 0 | EPE3: 0 | EPF3: 0 | EPG3: 0 | EPH3: 0 | EPI3: 0 | EPJ3: 0 | EPK3: 0 | EPL3: 0 | EPM3: 0 | EPN3: 0 | EPO3: 0 | EPP3: 0 | EPQ3: 0 | EPR3: 0 | EPS3: 0 | EPT3: 0 | EPU3: 0 | EPV3: 0 | EPW3: 0 | EPX3: 0 | EPY3: 0 | EPZ3: 0 | EQA3: 0 | EQB3: 0 | EQC3: 0 | EQD3: 0 | EQE3: 0 | EQF3: 0 | EQG3: 0 | EQH3: 0 | EQI3: 0 | EQJ3: 0 | EQK3: 0 | EQL3: 0 | EQM3: 0 | EQN3: 0 | EQO3: 0 | EQP3: 0 | EQQ3: 0 | EQR3: 0 | EQS3: 0 | EQT3: 0 | EQU3: 0 | EQV3: 0 | EQW3: 0 | EQX3: 0 | EQY3: 0 | EQZ3: 0 | ERA3: 0 | ERB3: 0 | ERC3: 0 | ERD3: 0 | ERE3: 0 | ERF3: 0 | ERG3: 0 | ERH3: 0 | ERI3: 0 | ERJ3: 0 | ERK3: 0 | ERL3: 0 | ERM3: 0 | ERN3: 0 | ERO3: 0 | ERP3: 0 | ERQ3: 0 | ERR3: 0 | ERS3: 0 | ERT3: 0 | ERU3: 0 | ERV3: 0 | ERW3: 0 | ERX3: 0 | ERY3: 0 | ERZ3: 0 | ESA3: 0 | ESB3: 0 | ESC3: 0 | ESD3: 0 | ESE3: 0 | ESF3: 0 | ESG3: 0 | ESH3: 0 | ESI3: 0 | ESJ3: 0 | ESK3: 0 | ESL3: 0 | ESM3: 0 | ESN3: 0 | ESO3: 0 | ESP3: 0 | ESQ3: 0 | ESR3: 0 | ESS3: 0 | EST3: 0 | ESU3: 0 | ESV3: 0 | ESW3: 0 | ESX3: 0 | ESY3: 0 | ESZ3: 0 | ETA3: 0 | ETB3: 0 | ETC3: 0 | ETD3: 0 | ETE3: 0 | ETF3: 0 | ETG3: 0 | ETH3: 0 | ETI3: 0 | ETJ3: 0 | ETK3: 0 | ETL3: 0 | ETM3: 0 | ETN3: 0 | ETO3: 0 | ETP3: 0 | ETQ3: 0 | ETR3: 0 | ETS3: 0 | ETT3: 0 | ETU3: 0 | ETV3: 0 | ETW3: 0 | ETX3: 0 | ETY3: 0 | ETZ3: 0 | EUA3: 0 | EUB3: 0 | EUC3: 0 | EUD3: 0 | EUE3: 0 | EUF3: 0 | EUG3: 0 | EUH3: 0 | EUI3: 0 | EUJ3: 0 | EUK3: 0 | EUL3: 0 | EUM3: 0 | EUN3: 0 | EUO3: 0 | EUP3: 0 | EUQ3: 0 | EUR3: 0 | EUS3: 0 | EUT3: 0 | EUU3: 0 | EUV3: 0 | EUW3: 0 | EUX3: 0 | EUY3: 0 | EUZ3: 0 | EVA3: 0 | EVB3: 0 | EVC3: 0 | EVD3: 0 | EVE3: 0 | EVF3: 0 | EVG3: 0 | EVH3: 0 | EVI3: 0 | EVJ3: 0 | EVK3: 0 | EVL3: 0 | EVM3: 0 | EVN3: 0 | EVO3: 0 | EVP3: 0 | EVQ3: 0 | EVR3: 0 | EVS3: 0 | EVT3: 0 | EVU3: 0 | EVV3: 0 | EVW3: 0 | EVX3: 0 | EVY3: 0 | EVZ3: 0 | EWA3: 0 | EWB3: 0 | EWC3: 0 | EWD3: 0 | EWE3: 0 | EWF3: 0 | EWG3: 0 | EWH3: 0 | EWI3: 0 | EWJ3: 0 | EWK3: 0 | EWL3: 0 | EWM3: 0 | EWN3: 0 | EWO3: 0 | EWP3: 0 | EWQ3: 0 | EWR3: 0 | EWS3: 0 | EWT3: 0 | EWU3: 0 | EWV3: 0 | EWW3: 0 | EWX3: 0 | EWY3: 0
A4: OF0.9 | B4: 1 | C4: 1 | D4: 1 | E4: 1 | F4: 1 | G4: 1 | H4: 1 | I4: 1 | J4: 1 | K4: 1 | L4: 1 | M4: 1 | N4: 1 | O4: 1 | P4: 1 | Q4: 1 | R4: 1 | S4: 1 | T4: 1 | U4: 1 | V4: 1 | W4: 1 | X4: 1 | Y4: 1 | Z4: 1 | AA4: 1 | AB4: 1 | AC4: 1 | AD4: 1 | AE4: 1 | AF4: 1 | AG4: 1 | AH4: 1 | AI4: 1 | AJ4: 1 | AK4: 1 | AL4: 1 | AM4: 1 | AN4: 1 | AO4: 1 | AP4: 1 | AQ4: 1 | AR4: 1 | AS4: 1 | AT4: 1 | AU4: 1 | AV4: 1 | AW4: 1 | AX4: 1 | AY4: 1 | AZ4: 1 | BA4: 1 | BB4: 1 | BC4: 1 | BD4: 1 | BE4: 1 | BF4: 1 | BG4: 1 | BH4: 1 | BI4: 1 | BJ4: 1 | BK4: 1 | BL4: 1 | BM4: 1 | BN4: 1 | BO4: 1 | BP4: 1 | BQ4: 1 | BR4: 1 | BS4: 1 | BT4: 1 | BU4: 1 | BV4: 1 | BW4: 1 | BX4: 1 | BY4: 1 | BZ4: 1 | CA4: 1 | CB4: 1 | CC4: 1 | CD4: 1 | CE4: 1 | CF4: 1 | CG4: 1 | CH4: 1 | CI4: 1 | CJ4: 1 | CK4: 1 | CL4: 1 | CM4: 1 | CN4: 1 | CO4: 1 | CP4: 1 | CQ4: 1 | CR4: 1 | CS4: 1 | CT4: 1 | CU4: 1 | CV4: 1 | CW4: 1 | CX4: 1 | CY4: 1 | CZ4: 1 | DA4: 1 | DB4: 1 | DC4: 1 | DD4: 1 | DE4: 1 | DF4: 1 | DG4: 1 | DH4: 1 | DI4: 1 | DJ4: 1 | DK4: 1 | DL4: 1 | DM4: 1 | DN4: 1 | DO4: 1 | DP4: 1 | DQ4: 1 | DR4: 1 | DS4: 1 | DT4: 1 | DU4: 1 | DV4: 1 | DW4: 1 | DX4: 1 | DY4: 1 | DZ4: 1 | EA4: 1 | EB4: 1 | EC4: 1 | ED4: 1 | EE4: 1 | EF4: 1 | EG4: 1 | EH4: 1 | EI4: 1 | EJ4: 1 | EK4: 1 | EL4: 1 | EM4: 1 | EN4: 1 | EO4: 1 | EP4: 1 | EQ4: 1 | ER4: 1 | ES4: 1 | ET4: 1 | EU4: 1 | EV4: 1 | EW4: 1 | EX4: 1 | EY4: 1 | EZ4: 1 | FA4: 1 | FB4: 1 | FC4: 1 | FD4: 1 | FE4: 1 | FF4: 1 | FG4: 1 | FH4: 1 | FI4: 1 | FJ4: 1 | FK4: 1 | FL4: 1 | FM4: 1 | FN4: 1 | FO4: 1 | FP4: 1 | FQ4: 1 | FR4: 1 | FS4: 1 | FT4: 1 | FU4: 1 | FV4: 1 | FW4: 1 | FX4: 1 | FY4: 1 | FZ4: 1 | GA4: 1 | GB4: 1 | GC4: 1 | GD4: 1 | GE4: 1 | GF4: 1 | GG4: 1 | GH4: 1 | GI4: 1 | GJ4: 1 | GK4: 1 | GL4: 1 | GM4: 1 | GN4: 1 | GO4: 1 | GP4: 1 | GQ4: 1 | GR4: 1 | GS4: 1 | GT4: 1 | GU4: 1 | GV4: 1 | GW4: 1 | GX4: 1 | GY4: 1 | GZ4: 1 | HA4: 1 | HB4: 1 | HC4: 1 | HD4: 1 | HE4: 1 | HF4: 1 | HG4: 1 | HH4: 1 | HI4: 1 | HJ4: 1 | HK4: 1 | HL4: 1 | HM4: 1 | HN4: 1 | HO4: 1 | HP4: 1 | HQ4: 1 | HR4: 1 | HS4: 1 | HT4: 1 | HU4: 0.99983333 | HV4: 0.99983333 | HW4: 0.99966667 | HX4: 0.99966667 | HY4: 0.99966667 | HZ4: 0.99966667 | IA4: 0.99966667 | IB4: 0.9995 | IC4: 0.9995 | ID4: 0.99933333 | IE4: 0.99933333 | IF4: 0.99883333 | IG4: 0.99866667 | IH4: 0.99833333 | II4: 0.99716667 | IJ4: 0.99633333 | IK4: 0.99533333 | IL4: 0.9945 | IM4: 0.99366667 | IN4: 0.992 | IO4: 0.9915 | IP4: 0.99083333 | IQ4: 0.989 | IR4: 0.987 | IS4: 0.9855 | IT4: 0.98233333 | IU4: 0.98 | IV4: 0.978 | IW4: 0.97533333 | IX4: 0.97216667 | IY4: 0.968 | IZ4: 0.96516667 | JA4: 0.95966667 | JB4: 0.95566667 | JC4: 0.9505 | JD4: 0.94516667 | JE4: 0.93916667 | JF4: 0.93366667 | JG4: 0.92816667 | JH4: 0.91966667 | JI4: 0.91183333 | JJ4: 0.90366667 | JK4: 0.8935 | JL4: 0.882 | JM4: 0.87483333 | JN4: 0.86666667 | JO4: 0.85633333 | JP4: 0.8425 | JQ4: 0.831 | JR4: 0.821 | JS4: 0.8105 | JT4: 0.7955 | JU4: 0.78466667 | JV4: 0.77 | JW4: 0.75416667 | JX4: 0.73833333 | JY4: 0.72483333 | JZ4: 0.709 | KA4: 0.6925 | KB4: 0.67516667 | KC4: 0.65783333 | KD4: 0.64166667 | KE4: 0.625 | KF4: 0.608 | KG4: 0.59283333 | KH4: 0.57716667 | KI4: 0.5615 | KJ4: 0.545 | KK4: 0.529 | KL4: 0.51333333 | KM4: 0.49666667 | KN4: 0.48433333 | KO4: 0.46833333 | KP4: 0.45366667 | KQ4: 0.438 | KR4: 0.42683333 | KS4: 0.41333333 | KT4: 0.40033333 | KU4: 0.3855 | KV4: 0.37166667 | KW4: 0.3565 | KX4: 0.34483333 | KY4: 0.332 | KZ4: 0.32016667 | LA4: 0.3065 | LB4: 0.29533333 | LC4: 0.28433333 | LD4: 0.27333333 | LE4: 0.26383333 | LF4: 0.25733333 | LG4: 0.24733333 | LH4: 0.2395 | LI4: 0.22866667 | LJ4: 0.22 | LK4: 0.21266667 | LL4: 0.20283333 | LM4: 0.19516667 | LN4: 0.18883333 | LO4: 0.17916667 | LP4: 0.17066667 | LQ4: 0.16316667 | LR4: 0.15483333 | LS4: 0.1475 | LT4: 0.14116667 | LU4: 0.135 | LV4: 0.12933333 | LW4: 0.12266667 | LX4: 0.11683333 | LY4: 0.11166667 | LZ4: 0.1065 | MA4: 0.103 | MB4: 0.098833333 | MC4: 0.094833333 | MD4: 0.0905 | ME4: 0.086166667 | MF4: 0.082 | MG4: 0.079333333 | MH4: 0.074166667 | MI4: 0.070166667 | MJ4: 0.067 | MK4: 0.064333333 | ML4: 0.062333333 | MM4: 0.060333333 | MN4: 0.057 | MO4: 0.054833333 | MP4: 0.052666667 | MQ4: 0.051166667 | MR4: 0.049 | MS4: 0.046166667 | MT4: 0.0445 | MU4: 0.042666667 | MV4: 0.040833333 | MW4: 0.0395 | MX4: 0.037833333 | MY4: 0.036333333 | MZ4: 0.035 | NA4: 0.032333333 | NB4: 0.031 | NC4: 0.030333333 | ND4: 0.028833333 | NE4: 0.027666667 | NF4: 0.026333333 | NG4: 0.025166667 | NH4: 0.024166667 | NI4: 0.023333333 | NJ4: 0.021166667 | NK4: 0.02 | NL4: 0.0195 | NM4: 0.018166667 | NN4: 0.017333333 | NO4: 0.016833333 | NP4: 0.016166667 | NQ4: 0.015833333 | NR4: 0.015166667 | NS4: 0.0145 | NT4: 0.014 | NU4: 0.0135 | NV4: 0.013166667 | NW4: 0.012166667 | NX4: 0.011666667 | NY4: 0.011333333 | NZ4: 0.010833333 | OA4: 0.0105 | OB4: 0.01 | OC4: 0.0095 | OD4: 0.0088333333 | OE4: 0.0081666667 | OF4: 0.0078333333 | OG4: 0.0078333333 | OH4: 0.0076666667 | OI4: 0.0076666667 | OJ4: 0.0076666667 | OK4: 0.0075 | OL4: 0.0073333333 | OM4: 0.0068333333 | ON4: 0.0066666667 | OO4: 0.0063333333 | OP4: 0.0063333333 | OQ4: 0.0063333333 | OR4: 0.0058333333 | OS4: 0.0056666667 | OT4: 0.0053333333 | OU4: 0.005 | OV4: 0.0048333333 | OW4: 0.0045 | OX4: 0.0045 | OY4: 0.0043333333 | OZ4: 0.0041666667 | PA4: 0.0038333333 | PB4: 0.0036666667 | PC4: 0.0035 | PD4: 0.0033333333 | PE4: 0.003 | PF4: 0.0028333333 | PG4: 0.0026666667 | PH4: 0.0026666667 | PI4: 0.0026666667 | PJ4: 0.0026666667 | PK4: 0.0025 | PL4: 0.0025 | PM4: 0.0021666667 | PN4: 0.002 | PO4: 0.0018333333 | PP4: 0.0015 | PQ4: 0.0015 | PR4: 0.0013333333 | PS4: 0.0013333333 | PT4: 0.0011666667 | PU4: 0.0011666667 | PV4: 0.001 | PW4: 0.00083333333 | PX4: 0.00066666667 | PY4: 0.00066666667 | PZ4: 0.00066666667 | QA4: 0.00066666667 | QB4: 0.00066666667 | QC4: 0.00066666667 | QD4: 0.00066666667 | QE4: 0.00066666667 | QF4: 0.00066666667 | QG4: 0.00066666667 | QH4: 0.00066666667 | QI4: 0.00066666667 | QJ4: 0.00066666667 | QK4: 0.00066666667 | QL4: 0.00066666667 | QM4: 0.00066666667 | QN4: 0.00066666667 | QO4: 5e-04 | QP4: 5e-04 | QQ4: 5e-04 | QR4: 5e-04 | QS4: 5e-04 | QT4: 5e-04 | QU4: 5e-04 | QV4: 5e-04 | QW4: 5e-04 | QX4: 5e-04 | QY4: 0.00033333333 | QZ4: 0.00033333333 | RA4: 0.00033333333 | RB4: 0.00033333333 | RC4: 0.00033333333 | RD4: 0.00016666667 | RE4: 0.00016666667 | RF4: 0.00016666667 | RG4: 0.00016666667 | RH4: 0.00016666667 | RI4: 0 | RJ4: 0 | RK4: 0 | RL4: 0 | RM4: 0 | RN4: 0 | RO4: 0 | RP4: 0 | RQ4: 0 | RR4: 0 | RS4: 0 | RT4: 0 | RU4: 0 | RV4: 0 | RW4: 0 | RX4: 0 | RY4: 0 | RZ4: 0 | SA4: 0 | SB4: 0 | SC4: 0 | SD4: 0 | SE4: 0 | SF4: 0 | SG4: 0 | SH4: 0 | SI4: 0 | SJ4: 0 | SK4: 0 | SL4: 0 | SM4: 0 | SN4: 0 | SO4: 0 | SP4: 0 | SQ4: 0 | SR4: 0 | SS4: 0 | ST4: 0 | SU4: 0 | SV4: 0 | SW4: 0 | SX4: 0 | SY4: 0 | SZ4: 0 | TA4: 0 | TB4: 0 | TC4: 0 | TD4: 0 | TE4: 0 | TF4: 0 | TG4: 0 | TH4: 0 | TI4: 0 | TJ4: 0 | TK4: 0 | TL4: 0 | TM4: 0 | TN4: 0 | TO4: 0 | TP4: 0 | TQ4: 0 | TR4: 0 | TS4: 0 | TT4: 0 | TU4: 0 | TV4: 0 | TW4: 0 | TX4: 0 | TY4: 0 | TZ4: 0 | UA4: 0 | UB4: 0 | UC4: 0 | UD4: 0 | UE4: 0 | UF4: 0 | UG4: 0 | UH4: 0 | UI4: 0 | UJ4: 0 | UK4: 0 | UL4: 0 | UM4: 0 | UN4: 0 | UO4: 0 | UP4: 0 | UQ4: 0 | UR4: 0 | US4: 0 | UT4: 0 | UU4: 0 | UV4: 0 | UW4: 0 | UX4: 0 | UY4: 0 | UZ4: 0 | VA4: 0 | VB4: 0 | VC4: 0 | VD4: 0 | VE4: 0 | VF4: 0 | VG4: 0 | VH4: 0 | VI4: 0 | VJ4: 0 | VK4: 0 | VL4: 0 | VM4: 0 | VN4: 0 | VO4: 0 | VP4: 0 | VQ4: 0 | VR4: 0 | VS4: 0 | VT4: 0 | VU4: 0 | VV4: 0 | VW4: 0 | VX4: 0 | VY4: 0 | VZ4: 0 | WA4: 0 | WB4: 0 | WC4: 0 | WD4: 0 | WE4: 0 | WF4: 0 | WG4: 0 | WH4: 0 | WI4: 0 | WJ4: 0 | WK4: 0 | WL4: 0 | WM4: 0 | WN4: 0 | WO4: 0 | WP4: 0 | WQ4: 0 | WR4: 0 | WS4: 0 | WT4: 0 | WU4: 0 | WV4: 0 | WW4: 0 | WX4: 0 | WY4: 0 | WZ4: 0 | XA4: 0 | XB4: 0 | XC4: 0 | XD4: 0 | XE4: 0 | XF4: 0 | XG4: 0 | XH4: 0 | XI4: 0 | XJ4: 0 | XK4: 0 | XL4: 0 | XM4: 0 | XN4: 0 | XO4: 0 | XP4: 0 | XQ4: 0 | XR4: 0 | XS4: 0 | XT4: 0 | XU4: 0 | XV4: 0 | XW4: 0 | XX4: 0 | XY4: 0 | XZ4: 0 | YA4: 0 | YB4: 0 | YC4: 0 | YD4: 0 | YE4: 0 | YF4: 0 | YG4: 0 | YH4: 0 | YI4: 0 | YJ4: 0 | YK4: 0 | YL4: 0 | YM4: 0 | YN4: 0 | YO4: 0 | YP4: 0 | YQ4: 0 | YR4: 0 | YS4: 0 | YT4: 0 | YU4: 0 | YV4: 0 | YW4: 0 | YX4: 0 | YY4: 0 | YZ4: 0 | ZA4: 0 | ZB4: 0 | ZC4: 0 | ZD4: 0 | ZE4: 0 | ZF4: 0 | ZG4: 0 | ZH4: 0 | ZI4: 0 | ZJ4: 0 | ZK4: 0 | ZL4: 0 | ZM4: 0 | ZN4: 0 | ZO4: 0 | ZP4: 0 | ZQ4: 0 | ZR4: 0 | ZS4: 0 | ZT4: 0 | ZU4: 0 | ZV4: 0 | ZW4: 0 | ZX4: 0 | ZY4: 0 | ZZ4: 0 | AAA4: 0 | AAB4: 0 | AAC4: 0 | AAD4: 0 | AAE4: 0 | AAF4: 0 | AAG4: 0 | AAH4: 0 | AAI4: 0 | AAJ4: 0 | AAK4: 0 | AAL4: 0 | AAM4: 0 | AAN4: 0 | AAO4: 0 | AAP4: 0 | AAQ4: 0 | AAR4: 0 | AAS4: 0 | AAT4: 0 | AAU4: 0 | AAV4: 0 | AAW4: 0 | AAX4: 0 | AAY4: 0 | AAZ4: 0 | ABA4: 0 | ABB4: 0 | ABC4: 0 | ABD4: 0 | ABE4: 0 | ABF4: 0 | ABG4: 0 | ABH4: 0 | ABI4: 0 | ABJ4: 0 | ABK4: 0 | ABL4: 0 | ABM4: 0 | ABN4: 0 | ABO4: 0 | ABP4: 0 | ABQ4: 0 | ABR4: 0 | ABS4: 0 | ABT4: 0 | ABU4: 0 | ABV4: 0 | ABW4: 0 | ABX4: 0 | ABY4: 0 | ABZ4: 0 | ACA4: 0 | ACB4: 0 | ACC4: 0 | ACD4: 0 | ACE4: 0 | ACF4: 0 | ACG4: 0 | ACH4: 0 | ACI4: 0 | ACJ4: 0 | ACK4: 0 | ACL4: 0 | ACM4: 0 | ACN4: 0 | ACO4: 0 | ACP4: 0 | ACQ4: 0 | ACR4: 0 | ACS4: 0 | ACT4: 0 | ACU4: 0 | ACV4: 0 | ACW4: 0 | ACX4: 0 | ACY4: 0 | ACZ4: 0 | ADA4: 0 | ADB4: 0 | ADC4: 0 | ADD4: 0 | ADE4: 0 | ADF4: 0 | ADG4: 0 | ADH4: 0 | ADI4: 0 | ADJ4: 0 | ADK4: 0 | ADL4: 0 | ADM4: 0 | ADN4: 0 | ADO4: 0 | ADP4: 0 | ADQ4: 0 | ADR4: 0 | ADS4: 0 | ADT4: 0 | ADU4: 0 | ADV4: 0 | ADW4: 0 | ADX4: 0 | ADY4: 0 | ADZ4: 0 | AEA4: 0 | AEB4: 0 | AEC4: 0 | AED4: 0 | AEE4: 0 | AEF4: 0 | AEG4: 0 | AEH4: 0 | AEI4: 0 | AEJ4: 0 | AEK4: 0 | AEL4: 0 | AEM4: 0 | AEN4: 0 | AEO4: 0 | AEP4: 0 | AEQ4: 0 | AER4: 0 | AES4: 0 | AET4: 0 | AEU4: 0 | AEV4: 0 | AEW4: 0 | AEX4: 0 | AEY4: 0 | AEZ4: 0 | AFA4: 0 | AFB4: 0 | AFC4: 0 | AFD4: 0 | AFE4: 0 | AFF4: 0 | AFG4: 0 | AFH4: 0 | AFI4: 0 | AFJ4: 0 | AFK4: 0 | AFL4: 0 | AFM4: 0 | AFN4: 0 | AFO4: 0 | AFP4: 0 | AFQ4: 0 | AFR4: 0 | AFS4: 0 | AFT4: 0 | AFU4: 0 | AFV4: 0 | AFW4: 0 | AFX4: 0 | AFY4: 0 | AFZ4: 0 | AGA4: 0 | AGB4: 0 | AGC4: 0 | AGD4: 0 | AGE4: 0 | AGF4: 0 | AGG4: 0 | AGH4: 0 | AGI4: 0 | AGJ4: 0 | AGK4: 0 | AGL4: 0 | AGM4: 0 | AGN4: 0 | AGO4: 0 | AGP4: 0 | AGQ4: 0 | AGR4: 0 | AGS4: 0 | AGT4: 0 | AGU4: 0 | AGV4: 0 | AGW4: 0 | AGX4: 0 | AGY4: 0 | AGZ4: 0 | AHA4: 0 | AHB4: 0 | AHC4: 0 | AHD4: 0 | AHE4: 0 | AHF4: 0 | AHG4: 0 | AHH4: 0 | AHI4: 0 | AHJ4: 0 | AHK4: 0 | AHL4: 0 | AHM4: 0 | AHN4: 0 | AHO4: 0 | AHP4: 0 | AHQ4: 0 | AHR4: 0 | AHS4: 0 | AHT4: 0 | AHU4: 0 | AHV4: 0 | AHW4: 0 | AHX4: 0 | AHY4: 0 | AHZ4: 0 | AIA4: 0 | AIB4: 0 | AIC4: 0 | AID4: 0 | AIE4: 0 | AIF4: 0 | AIG4: 0 | AIH4: 0 | AII4: 0 | AIJ4: 0 | AIK4: 0 | AIL4: 0 | AIM4: 0 | AIN4: 0 | AIO4: 0 | AIP4: 0 | AIQ4: 0 | AIR4: 0 | AIS4: 0 | AIT4: 0 | AIU4: 0 | AIV4: 0 | AIW4: 0 | AIX4: 0 | AIY4: 0 | AIZ4: 0 | AJA4: 0 | AJB4: 0 | AJC4: 0 | AJD4: 0 | AJE4: 0 | AJF4: 0 | AJG4: 0 | AJH4: 0 | AJI4: 0 | AJJ4: 0 | AJK4: 0 | AJL4: 0 | AJM4: 0 | AJN4: 0 | AJO4: 0 | AJP4: 0 | AJQ4: 0 | AJR4: 0 | AJS4: 0 | AJT4: 0 | AJU4: 0 | AJV4: 0 | AJW4: 0 | AJX4: 0 | AJY4: 0 | AJZ4: 0 | AKA4: 0 | AKB4: 0 | AKC4: 0 | AKD4: 0 | AKE4: 0 | AKF4: 0 | AKG4: 0 | AKH4: 0 | AKI4: 0 | AKJ4: 0 | AKK4: 0 | AKL4: 0 | AKM4: 0 | AKN4: 0 | AKO4: 0 | AKP4: 0 | AKQ4: 0 | AKR4: 0 | AKS4: 0 | AKT4: 0 | AKU4: 0 | AKV4: 0 | AKW4: 0 | AKX4: 0 | AKY4: 0 | AKZ4: 0 | ALA4: 0 | ALB4: 0 | ALC4: 0 | ALD4: 0 | ALE4: 0 | ALF4: 0 | ALG4: 0 | ALH4: 0 | ALI4: 0 | ALJ4: 0 | ALK4: 0 | ALL4: 0 | ALM4: 0 | ALN4: 0 | ALO4: 0 | ALP4: 0 | ALQ4: 0 | ALR4: 0 | ALS4: 0 | ALT4: 0 | ALU4: 0 | ALV4: 0 | ALW4: 0 | ALX4: 0 | ALY4: 0 | ALZ4: 0 | AMA4: 0 | AMB4: 0 | AMC4: 0 | AMD4: 0 | AME4: 0 | AMF4: 0 | AMG4: 0 | AMH4: 0 | AMI4: 0 | AMJ4: 0 | AMK4: 0 | AML4: 0 | AMM4: 0 | AMN4: 0 | AMO4: 0 | AMP4: 0 | AMQ4: 0 | AMR4: 0 | AMS4: 0 | AMT4: 0 | AMU4: 0 | AMV4: 0 | AMW4: 0 | AMX4: 0 | AMY4: 0 | AMZ4: 0 | ANA4: 0 | ANB4: 0 | ANC4: 0 | AND4: 0 | ANE4: 0 | ANF4: 0 | ANG4: 0 | ANH4: 0 | ANI4: 0 | ANJ4: 0 | ANK4: 0 | ANL4: 0 | ANM4: 0 | ANN4: 0 | ANO4: 0 | ANP4: 0 | ANQ4: 0 | ANR4: 0 | ANS4: 0 | ANT4: 0 | ANU4: 0 | ANV4: 0 | ANW4: 0 | ANX4: 0 | ANY4: 0 | ANZ4: 0 | AOA4: 0 | AOB4: 0 | AOC4: 0 | AOD4: 0 | AOE4: 0 | AOF4: 0 | AOG4: 0 | AOH4: 0 | AOI4: 0 | AOJ4: 0 | AOK4: 0 | AOL4: 0 | AOM4: 0 | AON4: 0 | AOO4: 0 | AOP4: 0 | AOQ4: 0 | AOR4: 0 | AOS4: 0 | AOT4: 0 | AOU4: 0 | AOV4: 0 | AOW4: 0 | AOX4: 0 | AOY4: 0 | AOZ4: 0 | APA4: 0 | APB4: 0 | APC4: 0 | APD4: 0 | APE4: 0 | APF4: 0 | APG4: 0 | APH4: 0 | API4: 0 | APJ4: 0 | APK4: 0 | APL4: 0 | APM4: 0 | APN4: 0 | APO4: 0 | APP4: 0 | APQ4: 0 | APR4: 0 | APS4: 0 | APT4: 0 | APU4: 0 | APV4: 0 | APW4: 0 | APX4: 0 | APY4: 0 | APZ4: 0 | AQA4: 0 | AQB4: 0 | AQC4: 0 | AQD4: 0 | AQE4: 0 | AQF4: 0 | AQG4: 0 | AQH4: 0 | AQI4: 0 | AQJ4: 0 | AQK4: 0 | AQL4: 0 | AQM4: 0 | AQN4: 0 | AQO4: 0 | AQP4: 0 | AQQ4: 0 | AQR4: 0 | AQS4: 0 | AQT4: 0 | AQU4: 0 | AQV4: 0 | AQW4: 0 | AQX4: 0 | AQY4: 0 | AQZ4: 0 | ARA4: 0 | ARB4: 0 | ARC4: 0 | ARD4: 0 | ARE4: 0 | ARF4: 0 | ARG4: 0 | ARH4: 0 | ARI4: 0 | ARJ4: 0 | ARK4: 0 | ARL4: 0 | ARM4: 0 | ARN4: 0 | ARO4: 0 | ARP4: 0 | ARQ4: 0 | ARR4: 0 | ARS4: 0 | ART4: 0 | ARU4: 0 | ARV4: 0 | ARW4: 0 | ARX4: 0 | ARY4: 0 | ARZ4: 0 | ASA4: 0 | ASB4: 0 | ASC4: 0 | ASD4: 0 | ASE4: 0 | ASF4: 0 | ASG4: 0 | ASH4: 0 | ASI4: 0 | ASJ4: 0 | ASK4: 0 | ASL4: 0 | ASM4: 0 | ASN4: 0 | ASO4: 0 | ASP4: 0 | ASQ4: 0 | ASR4: 0 | ASS4: 0 | AST4: 0 | ASU4: 0 | ASV4: 0 | ASW4: 0 | ASX4: 0 | ASY4: 0 | ASZ4: 0 | ATA4: 0 | ATB4: 0 | ATC4: 0 | ATD4: 0 | ATE4: 0 | ATF4: 0 | ATG4: 0 | ATH4: 0 | ATI4: 0 | ATJ4: 0 | ATK4: 0 | ATL4: 0 | ATM4: 0 | ATN4: 0 | ATO4: 0 | ATP4: 0 | ATQ4: 0 | ATR4: 0 | ATS4: 0 | ATT4: 0 | ATU4: 0 | ATV4: 0 | ATW4: 0 | ATX4: 0 | ATY4: 0 | ATZ4: 0 | AUA4: 0 | AUB4: 0 | AUC4: 0 | AUD4: 0 | AUE4: 0 | AUF4: 0 | AUG4: 0 | AUH4: 0 | AUI4: 0 | AUJ4: 0 | AUK4: 0 | AUL4: 0 | AUM4: 0 | AUN4: 0 | AUO4: 0 | AUP4: 0 | AUQ4: 0 | AUR4: 0 | AUS4: 0 | AUT4: 0 | AUU4: 0 | AUV4: 0 | AUW4: 0 | AUX4: 0 | AUY4: 0 | AUZ4: 0 | AVA4: 0 | AVB4: 0 | AVC4: 0 | AVD4: 0 | AVE4: 0 | AVF4: 0 | AVG4: 0 | AVH4: 0 | AVI4: 0 | AVJ4: 0 | AVK4: 0 | AVL4: 0 | AVM4: 0 | AVN4: 0 | AVO4: 0 | AVP4: 0 | AVQ4: 0 | AVR4: 0 | AVS4: 0 | AVT4: 0 | AVU4: 0 | AVV4: 0 | AVW4: 0 | AVX4: 0 | AVY4: 0 | AVZ4: 0 | AWA4: 0 | AWB4: 0 | AWC4: 0 | AWD4: 0 | AWE4: 0 | AWF4: 0 | AWG4: 0 | AWH4: 0 | AWI4: 0 | AWJ4: 0 | AWK4: 0 | AWL4: 0 | AWM4: 0 | AWN4: 0 | AWO4: 0 | AWP4: 0 | AWQ4: 0 | AWR4: 0 | AWS4: 0 | AWT4: 0 | AWU4: 0 | AWV4: 0 | AWW4: 0 | AWX4: 0 | AWY4: 0 | AWZ4: 0 | AXA4: 0 | AXB4: 0 | AXC4: 0 | AXD4: 0 | AXE4: 0 | AXF4: 0 | AXG4: 0 | AXH4: 0 | AXI4: 0 | AXJ4: 0 | AXK4: 0 | AXL4: 0 | AXM4: 0 | AXN4: 0 | AXO4: 0 | AXP4: 0 | AXQ4: 0 | AXR4: 0 | AXS4: 0 | AXT4: 0 | AXU4: 0 | AXV4: 0 | AXW4: 0 | AXX4: 0 | AXY4: 0 | AXZ4: 0 | AYA4: 0 | AYB4: 0 | AYC4: 0 | AYD4: 0 | AYE4: 0 | AYF4: 0 | AYG4: 0 | AYH4: 0 | AYI4: 0 | AYJ4: 0 | AYK4: 0 | AYL4: 0 | AYM4: 0 | AYN4: 0 | AYO4: 0 | AYP4: 0 | AYQ4: 0 | AYR4: 0 | AYS4: 0 | AYT4: 0 | AYU4: 0 | AYV4: 0 | AYW4: 0 | AYX4: 0 | AYY4: 0 | AYZ4: 0 | AZA4: 0 | AZB4: 0 | AZC4: 0 | AZD4: 0 | AZE4: 0 | AZF4: 0 | AZG4: 0 | AZH4: 0 | AZI4: 0 | AZJ4: 0 | AZK4: 0 | AZL4: 0 | AZM4: 0 | AZN4: 0 | AZO4: 0 | AZP4: 0 | AZQ4: 0 | AZR4: 0 | AZS4: 0 | AZT4: 0 | AZU4: 0 | AZV4: 0 | AZW4: 0 | AZX4: 0 | AZY4: 0 | AZZ4: 0 | BAA4: 0 | BAB4: 0 | BAC4: 0 | BAD4: 0 | BAE4: 0 | BAF4: 0 | BAG4: 0 | BAH4: 0 | BAI4: 0 | BAJ4: 0 | BAK4: 0 | BAL4: 0 | BAM4: 0 | BAN4: 0 | BAO4: 0 | BAP4: 0 | BAQ4: 0 | BAR4: 0 | BAS4: 0 | BAT4: 0 | BAU4: 0 | BAV4: 0 | BAW4: 0 | BAX4: 0 | BAY4: 0 | BAZ4: 0 | BBA4: 0 | BBB4: 0 | BBC4: 0 | BBD4: 0 | BBE4: 0 | BBF4: 0 | BBG4: 0 | BBH4: 0 | BBI4: 0 | BBJ4: 0 | BBK4: 0 | BBL4: 0 | BBM4: 0 | BBN4: 0 | BBO4: 0 | BBP4: 0 | BBQ4: 0 | BBR4: 0 | BBS4: 0 | BBT4: 0 | BBU4: 0 | BBV4: 0 | BBW4: 0 | BBX4: 0 | BBY4: 0 | BBZ4: 0 | BCA4: 0 | BCB4: 0 | BCC4: 0 | BCD4: 0 | BCE4: 0 | BCF4: 0 | BCG4: 0 | BCH4: 0 | BCI4: 0 | BCJ4: 0 | BCK4: 0 | BCL4: 0 | BCM4: 0 | BCN4: 0 | BCO4: 0 | BCP4: 0 | BCQ4: 0 | BCR4: 0 | BCS4: 0 | BCT4: 0 | BCU4: 0 | BCV4: 0 | BCW4: 0 | BCX4: 0 | BCY4: 0 | BCZ4: 0 | BDA4: 0 | BDB4: 0 | BDC4: 0 | BDD4: 0 | BDE4: 0 | BDF4: 0 | BDG4: 0 | BDH4: 0 | BDI4: 0 | BDJ4: 0 | BDK4: 0 | BDL4: 0 | BDM4: 0 | BDN4: 0 | BDO4: 0 | BDP4: 0 | BDQ4: 0 | BDR4: 0 | BDS4: 0 | BDT4: 0 | BDU4: 0 | BDV4: 0 | BDW4: 0 | BDX4: 0 | BDY4: 0 | BDZ4: 0 | BEA4: 0 | BEB4: 0 | BEC4: 0 | BED4: 0 | BEE4: 0 | BEF4: 0 | BEG4: 0 | BEH4: 0 | BEI4: 0 | BEJ4: 0 | BEK4: 0 | BEL4: 0 | BEM4: 0 | BEN4: 0 | BEO4: 0 | BEP4: 0 | BEQ4: 0 | BER4: 0 | BES4: 0 | BET4: 0 | BEU4: 0 | BEV4: 0 | BEW4: 0 | BEX4: 0 | BEY4: 0 | BEZ4: 0 | BFA4: 0 | BFB4: 0 | BFC4: 0 | BFD4: 0 | BFE4: 0 | BFF4: 0 | BFG4: 0 | BFH4: 0 | BFI4: 0 | BFJ4: 0 | BFK4: 0 | BFL4: 0 | BFM4: 0 | BFN4: 0 | BFO4: 0 | BFP4: 0 | BFQ4: 0 | BFR4: 0 | BFS4: 0 | BFT4: 0 | BFU4: 0 | BFV4: 0 | BFW4: 0 | BFX4: 0 | BFY4: 0 | BFZ4: 0 | BGA4: 0 | BGB4: 0 | BGC4: 0 | BGD4: 0 | BGE4: 0 | BGF4: 0 | BGG4: 0 | BGH4: 0 | BGI4: 0 | BGJ4: 0 | BGK4: 0 | BGL4: 0 | BGM4: 0 | BGN4: 0 | BGO4: 0 | BGP4: 0 | BGQ4: 0 | BGR4: 0 | BGS4: 0 | BGT4: 0 | BGU4: 0 | BGV4: 0 | BGW4: 0 | BGX4: 0 | BGY4: 0 | BGZ4: 0 | BHA4: 0 | BHB4: 0 | BHC4: 0 | BHD4: 0 | BHE4: 0 | BHF4: 0 | BHG4: 0 | BHH4: 0 | BHI4: 0 | BHJ4: 0 | BHK4: 0 | BHL4: 0 | BHM4: 0 | BHN4: 0 | BHO4: 0 | BHP4: 0 | BHQ4: 0 | BHR4: 0 | BHS4: 0 | BHT4: 0 | BHU4: 0 | BHV4: 0 | BHW4: 0 | BHX4: 0 | BHY4: 0 | BHZ4: 0 | BIA4: 0 | BIB4: 0 | BIC4: 0 | BID4: 0 | BIE4: 0 | BIF4: 0 | BIG4: 0 | BIH4: 0 | BII4: 0 | BIJ4: 0 | BIK4: 0 | BIL4: 0 | BIM4: 0 | BIN4: 0 | BIO4: 0 | BIP4: 0 | BIQ4: 0 | BIR4: 0 | BIS4: 0 | BIT4: 0 | BIU4: 0 | BIV4: 0 | BIW4: 0 | BIX4: 0 | BIY4: 0 | BIZ4: 0 | BJA4: 0 | BJB4: 0 | BJC4: 0 | BJD4: 0 | BJE4: 0 | BJF4: 0 | BJG4: 0 | BJH4: 0 | BJI4: 0 | BJJ4: 0 | BJK4: 0 | BJL4: 0 | BJM4: 0 | BJN4: 0 | BJO4: 0 | BJP4: 0 | BJQ4: 0 | BJR4: 0 | BJS4: 0 | BJT4: 0 | BJU4: 0 | BJV4: 0 | BJW4: 0 | BJX4: 0 | BJY4: 0 | BJZ4: 0 | BKA4: 0 | BKB4: 0 | BKC4: 0 | BKD4: 0 | BKE4: 0 | BKF4: 0 | BKG4: 0 | BKH4: 0 | BKI4: 0 | BKJ4: 0 | BKK4: 0 | BKL4: 0 | BKM4: 0 | BKN4: 0 | BKO4: 0 | BKP4: 0 | BKQ4: 0 | BKR4: 0 | BKS4: 0 | BKT4: 0 | BKU4: 0 | BKV4: 0 | BKW4: 0 | BKX4: 0 | BKY4: 0 | BKZ4: 0 | BLA4: 0 | BLB4: 0 | BLC4: 0 | BLD4: 0 | BLE4: 0 | BLF4: 0 | BLG4: 0 | BLH4: 0 | BLI4: 0 | BLJ4: 0 | BLK4: 0 | BLL4: 0 | BLM4: 0 | BLN4: 0 | BLO4: 0 | BLP4: 0 | BLQ4: 0 | BLR4: 0 | BLS4: 0 | BLT4: 0 | BLU4: 0 | BLV4: 0 | BLW4: 0 | BLX4: 0 | BLY4: 0 | BLZ4: 0 | BMA4: 0 | BMB4: 0 | BMC4: 0 | BMD4: 0 | BME4: 0 | BMF4: 0 | BMG4: 0 | BMH4: 0 | BMI4: 0 | BMJ4: 0 | BMK4: 0 | BML4: 0 | BMM4: 0 | BMN4: 0 | BMO4: 0 | BMP4: 0 | BMQ4: 0 | BMR4: 0 | BMS4: 0 | BMT4: 0 | BMU4: 0 | BMV4: 0 | BMW4: 0 | BMX4: 0 | BMY4: 0 | BMZ4: 0 | BNA4: 0 | BNB4: 0 | BNC4: 0 | BND4: 0 | BNE4: 0 | BNF4: 0 | BNG4: 0 | BNH4: 0 | BNI4: 0 | BNJ4: 0 | BNK4: 0 | BNL4: 0 | BNM4: 0 | BNN4: 0 | BNO4: 0 | BNP4: 0 | BNQ4: 0 | BNR4: 0 | BNS4: 0 | BNT4: 0 | BNU4: 0 | BNV4: 0 | BNW4: 0 | BNX4: 0 | BNY4: 0 | BNZ4: 0 | BOA4: 0 | BOB4: 0 | BOC4: 0 | BOD4: 0 | BOE4: 0 | BOF4: 0 | BOG4: 0 | BOH4: 0 | BOI4: 0 | BOJ4: 0 | BOK4: 0 | BOL4: 0 | BOM4: 0 | BON4: 0 | BOO4: 0 | BOP4: 0 | BOQ4: 0 | BOR4: 0 | BOS4: 0 | BOT4: 0 | BOU4: 0 | BOV4: 0 | BOW4: 0 | BOX4: 0 | BOY4: 0 | BOZ4: 0 | BPA4: 0 | BPB4: 0 | BPC4: 0 | BPD4: 0 | BPE4: 0 | BPF4: 0 | BPG4: 0 | BPH4: 0 | BPI4: 0 | BPJ4: 0 | BPK4: 0 | BPL4: 0 | BPM4: 0 | BPN4: 0 | BPO4: 0 | BPP4: 0 | BPQ4: 0 | BPR4: 0 | BPS4: 0 | BPT4: 0 | BPU4: 0 | BPV4: 0 | BPW4: 0 | BPX4: 0 | BPY4: 0 | BPZ4: 0 | BQA4: 0 | BQB4: 0 | BQC4: 0 | BQD4: 0 | BQE4: 0 | BQF4: 0 | BQG4: 0 | BQH4: 0 | BQI4: 0 | BQJ4: 0 | BQK4: 0 | BQL4: 0 | BQM4: 0 | BQN4: 0 | BQO4: 0 | BQP4: 0 | BQQ4: 0 | BQR4: 0 | BQS4: 0 | BQT4: 0 | BQU4: 0 | BQV4: 0 | BQW4: 0 | BQX4: 0 | BQY4: 0 | BQZ4: 0 | BRA4: 0 | BRB4: 0 | BRC4: 0 | BRD4: 0 | BRE4: 0 | BRF4: 0 | BRG4: 0 | BRH4: 0 | BRI4: 0 | BRJ4: 0 | BRK4: 0 | BRL4: 0 | BRM4: 0 | BRN4: 0 | BRO4: 0 | BRP4: 0 | BRQ4: 0 | BRR4: 0 | BRS4: 0 | BRT4: 0 | BRU4: 0 | BRV4: 0 | BRW4: 0 | BRX4: 0 | BRY4: 0 | BRZ4: 0 | BSA4: 0 | BSB4: 0 | BSC4: 0 | BSD4: 0 | BSE4: 0 | BSF4: 0 | BSG4: 0 | BSH4: 0 | BSI4: 0 | BSJ4: 0 | BSK4: 0 | BSL4: 0 | BSM4: 0 | BSN4: 0 | BSO4: 0 | BSP4: 0 | BSQ4: 0 | BSR4: 0 | BSS4: 0 | BST4: 0 | BSU4: 0 | BSV4: 0 | BSW4: 0 | BSX4: 0 | BSY4: 0 | BSZ4: 0 | BTA4: 0 | BTB4: 0 | BTC4: 0 | BTD4: 0 | BTE4: 0 | BTF4: 0 | BTG4: 0 | BTH4: 0 | BTI4: 0 | BTJ4: 0 | BTK4: 0 | BTL4: 0 | BTM4: 0 | BTN4: 0 | BTO4: 0 | BTP4: 0 | BTQ4: 0 | BTR4: 0 | BTS4: 0 | BTT4: 0 | BTU4: 0 | BTV4: 0 | BTW4: 0 | BTX4: 0 | BTY4: 0 | BTZ4: 0 | BUA4: 0 | BUB4: 0 | BUC4: 0 | BUD4: 0 | BUE4: 0 | BUF4: 0 | BUG4: 0 | BUH4: 0 | BUI4: 0 | BUJ4: 0 | BUK4: 0 | BUL4: 0 | BUM4: 0 | BUN4: 0 | BUO4: 0 | BUP4: 0 | BUQ4: 0 | BUR4: 0 | BUS4: 0 | BUT4: 0 | BUU4: 0 | BUV4: 0 | BUW4: 0 | BUX4: 0 | BUY4: 0 | BUZ4: 0 | BVA4: 0 | BVB4: 0 | BVC4: 0 | BVD4: 0 | BVE4: 0 | BVF4: 0 | BVG4: 0 | BVH4: 0 | BVI4: 0 | BVJ4: 0 | BVK4: 0 | BVL4: 0 | BVM4: 0 | BVN4: 0 | BVO4: 0 | BVP4: 0 | BVQ4: 0 | BVR4: 0 | BVS4: 0 | BVT4: 0 | BVU4: 0 | BVV4: 0 | BVW4: 0 | BVX4: 0 | BVY4: 0 | BVZ4: 0 | BWA4: 0 | BWB4: 0 | BWC4: 0 | BWD4: 0 | BWE4: 0 | BWF4: 0 | BWG4: 0 | BWH4: 0 | BWI4: 0 | BWJ4: 0 | BWK4: 0 | BWL4: 0 | BWM4: 0 | BWN4: 0 | BWO4: 0 | BWP4: 0 | BWQ4: 0 | BWR4: 0 | BWS4: 0 | BWT4: 0 | BWU4: 0 | BWV4: 0 | BWW4: 0 | BWX4: 0 | BWY4: 0 | BWZ4: 0 | BXA4: 0 | BXB4: 0 | BXC4: 0 | BXD4: 0 | BXE4: 0 | BXF4: 0 | BXG4: 0 | BXH4: 0 | BXI4: 0 | BXJ4: 0 | BXK4: 0 | BXL4: 0 | BXM4: 0 | BXN4: 0 | BXO4: 0 | BXP4: 0 | BXQ4: 0 | BXR4: 0 | BXS4: 0 | BXT4: 0 | BXU4: 0 | BXV4: 0 | BXW4: 0 | BXX4: 0 | BXY4: 0 | BXZ4: 0 | BYA4: 0 | BYB4: 0 | BYC4: 0 | BYD4: 0 | BYE4: 0 | BYF4: 0 | BYG4: 0 | BYH4: 0 | BYI4: 0 | BYJ4: 0 | BYK4: 0 | BYL4: 0 | BYM4: 0 | BYN4: 0 | BYO4: 0 | BYP4: 0 | BYQ4: 0 | BYR4: 0 | BYS4: 0 | BYT4: 0 | BYU4: 0 | BYV4: 0 | BYW4: 0 | BYX4: 0 | BYY4: 0 | BYZ4: 0 | BZA4: 0 | BZB4: 0 | BZC4: 0 | BZD4: 0 | BZE4: 0 | BZF4: 0 | BZG4: 0 | BZH4: 0 | BZI4: 0 | BZJ4: 0 | BZK4: 0 | BZL4: 0 | BZM4: 0 | BZN4: 0 | BZO4: 0 | BZP4: 0 | BZQ4: 0 | BZR4: 0 | BZS4: 0 | BZT4: 0 | BZU4: 0 | BZV4: 0 | BZW4: 0 | BZX4: 0 | BZY4: 0 | BZZ4: 0 | CAA4: 0 | CAB4: 0 | CAC4: 0 | CAD4: 0 | CAE4: 0 | CAF4: 0 | CAG4: 0 | CAH4: 0 | CAI4: 0 | CAJ4: 0 | CAK4: 0 | CAL4: 0 | CAM4: 0 | CAN4: 0 | CAO4: 0 | CAP4: 0 | CAQ4: 0 | CAR4: 0 | CAS4: 0 | CAT4: 0 | CAU4: 0 | CAV4: 0 | CAW4: 0 | CAX4: 0 | CAY4: 0 | CAZ4: 0 | CBA4: 0 | CBB4: 0 | CBC4: 0 | CBD4: 0 | CBE4: 0 | CBF4: 0 | CBG4: 0 | CBH4: 0 | CBI4: 0 | CBJ4: 0 | CBK4: 0 | CBL4: 0 | CBM4: 0 | CBN4: 0 | CBO4: 0 | CBP4: 0 | CBQ4: 0 | CBR4: 0 | CBS4: 0 | CBT4: 0 | CBU4: 0 | CBV4: 0 | CBW4: 0 | CBX4: 0 | CBY4: 0 | CBZ4: 0 | CCA4: 0 | CCB4: 0 | CCC4: 0 | CCD4: 0 | CCE4: 0 | CCF4: 0 | CCG4: 0 | CCH4: 0 | CCI4: 0 | CCJ4: 0 | CCK4: 0 | CCL4: 0 | CCM4: 0 | CCN4: 0 | CCO4: 0 | CCP4: 0 | CCQ4: 0 | CCR4: 0 | CCS4: 0 | CCT4: 0 | CCU4: 0 | CCV4: 0 | CCW4: 0 | CCX4: 0 | CCY4: 0 | CCZ4: 0 | CDA4: 0 | CDB4: 0 | CDC4: 0 | CDD4: 0 | CDE4: 0 | CDF4: 0 | CDG4: 0 | CDH4: 0 | CDI4: 0 | CDJ4: 0 | CDK4: 0 | CDL4: 0 | CDM4: 0 | CDN4: 0 | CDO4: 0 | CDP4: 0 | CDQ4: 0 | CDR4: 0 | CDS4: 0 | CDT4: 0 | CDU4: 0 | CDV4: 0 | CDW4: 0 | CDX4: 0 | CDY4: 0 | CDZ4: 0 | CEA4: 0 | CEB4: 0 | CEC4: 0 | CED4: 0 | CEE4: 0 | CEF4: 0 | CEG4: 0 | CEH4: 0 | CEI4: 0 | CEJ4: 0 | CEK4: 0 | CEL4: 0 | CEM4: 0 | CEN4: 0 | CEO4: 0 | CEP4: 0 | CEQ4: 0 | CER4: 0 | CES4: 0 | CET4: 0 | CEU4: 0 | CEV4: 0 | CEW4: 0 | CEX4: 0 | CEY4: 0 | CEZ4: 0 | CFA4: 0 | CFB4: 0 | CFC4: 0 | CFD4: 0 | CFE4: 0 | CFF4: 0 | CFG4: 0 | CFH4: 0 | CFI4: 0 | CFJ4: 0 | CFK4: 0 | CFL4: 0 | CFM4: 0 | CFN4: 0 | CFO4: 0 | CFP4: 0 | CFQ4: 0 | CFR4: 0 | CFS4: 0 | CFT4: 0 | CFU4: 0 | CFV4: 0 | CFW4: 0 | CFX4: 0 | CFY4: 0 | CFZ4: 0 | CGA4: 0 | CGB4: 0 | CGC4: 0 | CGD4: 0 | CGE4: 0 | CGF4: 0 | CGG4: 0 | CGH4: 0 | CGI4: 0 | CGJ4: 0 | CGK4: 0 | CGL4: 0 | CGM4: 0 | CGN4: 0 | CGO4: 0 | CGP4: 0 | CGQ4: 0 | CGR4: 0 | CGS4: 0 | CGT4: 0 | CGU4: 0 | CGV4: 0 | CGW4: 0 | CGX4: 0 | CGY4: 0 | CGZ4: 0 | CHA4: 0 | CHB4: 0 | CHC4: 0 | CHD4: 0 | CHE4: 0 | CHF4: 0 | CHG4: 0 | CHH4: 0 | CHI4: 0 | CHJ4: 0 | CHK4: 0 | CHL4: 0 | CHM4: 0 | CHN4: 0 | CHO4: 0 | CHP4: 0 | CHQ4: 0 | CHR4: 0 | CHS4: 0 | CHT4: 0 | CHU4: 0 | CHV4: 0 | CHW4: 0 | CHX4: 0 | CHY4: 0 | CHZ4: 0 | CIA4: 0 | CIB4: 0 | CIC4: 0 | CID4: 0 | CIE4: 0 | CIF4: 0 | CIG4: 0 | CIH4: 0 | CII4: 0 | CIJ4: 0 | CIK4: 0 | CIL4: 0 | CIM4: 0 | CIN4: 0 | CIO4: 0 | CIP4: 0 | CIQ4: 0 | CIR4: 0 | CIS4: 0 | CIT4: 0 | CIU4: 0 | CIV4: 0 | CIW4: 0 | CIX4: 0 | CIY4: 0 | CIZ4: 0 | CJA4: 0 | CJB4: 0 | CJC4: 0 | CJD4: 0 | CJE4: 0 | CJF4: 0 | CJG4: 0 | CJH4: 0 | CJI4: 0 | CJJ4: 0 | CJK4: 0 | CJL4: 0 | CJM4: 0 | CJN4: 0 | CJO4: 0 | CJP4: 0 | CJQ4: 0 | CJR4: 0 | CJS4: 0 | CJT4: 0 | CJU4: 0 | CJV4: 0 | CJW4: 0 | CJX4: 0 | CJY4: 0 | CJZ4: 0 | CKA4: 0 | CKB4: 0 | CKC4: 0 | CKD4: 0 | CKE4: 0 | CKF4: 0 | CKG4: 0 | CKH4: 0 | CKI4: 0 | CKJ4: 0 | CKK4: 0 | CKL4: 0 | CKM4: 0 | CKN4: 0 | CKO4: 0 | CKP4: 0 | CKQ4: 0 | CKR4: 0 | CKS4: 0 | CKT4: 0 | CKU4: 0 | CKV4: 0 | CKW4: 0 | CKX4: 0 | CKY4: 0 | CKZ4: 0 | CLA4: 0 | CLB4: 0 | CLC4: 0 | CLD4: 0 | CLE4: 0 | CLF4: 0 | CLG4: 0 | CLH4: 0 | CLI4: 0 | CLJ4: 0 | CLK4: 0 | CLL4: 0 | CLM4: 0 | CLN4: 0 | CLO4: 0 | CLP4: 0 | CLQ4: 0 | CLR4: 0 | CLS4: 0 | CLT4: 0 | CLU4: 0 | CLV4: 0 | CLW4: 0 | CLX4: 0 | CLY4: 0 | CLZ4: 0 | CMA4: 0 | CMB4: 0 | CMC4: 0 | CMD4: 0 | CME4: 0 | CMF4: 0 | CMG4: 0 | CMH4: 0 | CMI4: 0 | CMJ4: 0 | CMK4: 0 | CML4: 0 | CMM4: 0 | CMN4: 0 | CMO4: 0 | CMP4: 0 | CMQ4: 0 | CMR4: 0 | CMS4: 0 | CMT4: 0 | CMU4: 0 | CMV4: 0 | CMW4: 0 | CMX4: 0 | CMY4: 0 | CMZ4: 0 | CNA4: 0 | CNB4: 0 | CNC4: 0 | CND4: 0 | CNE4: 0 | CNF4: 0 | CNG4: 0 | CNH4: 0 | CNI4: 0 | CNJ4: 0 | CNK4: 0 | CNL4: 0 | CNM4: 0 | CNN4: 0 | CNO4: 0 | CNP4: 0 | CNQ4: 0 | CNR4: 0 | CNS4: 0 | CNT4: 0 | CNU4: 0 | CNV4: 0 | CNW4: 0 | CNX4: 0 | CNY4: 0 | CNZ4: 0 | COA4: 0 | COB4: 0 | COC4: 0 | COD4: 0 | COE4: 0 | COF4: 0 | COG4: 0 | COH4: 0 | COI4: 0 | COJ4: 0 | COK4: 0 | COL4: 0 | COM4: 0 | CON4: 0 | COO4: 0 | COP4: 0 | COQ4: 0 | COR4: 0 | COS4: 0 | COT4: 0 | COU4: 0 | COV4: 0 | COW4: 0 | COX4: 0 | COY4: 0 | COZ4: 0 | CPA4: 0 | CPB4: 0 | CPC4: 0 | CPD4: 0 | CPE4: 0 | CPF4: 0 | CPG4: 0 | CPH4: 0 | CPI4: 0 | CPJ4: 0 | CPK4: 0 | CPL4: 0 | CPM4: 0 | CPN4: 0 | CPO4: 0 | CPP4: 0 | CPQ4: 0 | CPR4: 0 | CPS4: 0 | CPT4: 0 | CPU4: 0 | CPV4: 0 | CPW4: 0 | CPX4: 0 | CPY4: 0 | CPZ4: 0 | CQA4: 0 | CQB4: 0 | CQC4: 0 | CQD4: 0 | CQE4: 0 | CQF4: 0 | CQG4: 0 | CQH4: 0 | CQI4: 0 | CQJ4: 0 | CQK4: 0 | CQL4: 0 | CQM4: 0 | CQN4: 0 | CQO4: 0 | CQP4: 0 | CQQ4: 0 | CQR4: 0 | CQS4: 0 | CQT4: 0 | CQU4: 0 | CQV4: 0 | CQW4: 0 | CQX4: 0 | CQY4: 0 | CQZ4: 0 | CRA4: 0 | CRB4: 0 | CRC4: 0 | CRD4: 0 | CRE4: 0 | CRF4: 0 | CRG4: 0 | CRH4: 0 | CRI4: 0 | CRJ4: 0 | CRK4: 0 | CRL4: 0 | CRM4: 0 | CRN4: 0 | CRO4: 0 | CRP4: 0 | CRQ4: 0 | CRR4: 0 | CRS4: 0 | CRT4: 0 | CRU4: 0 | CRV4: 0 | CRW4: 0 | CRX4: 0 | CRY4: 0 | CRZ4: 0 | CSA4: 0 | CSB4: 0 | CSC4: 0 | CSD4: 0 | CSE4: 0 | CSF4: 0 | CSG4: 0 | CSH4: 0 | CSI4: 0 | CSJ4: 0 | CSK4: 0 | CSL4: 0 | CSM4: 0 | CSN4: 0 | CSO4: 0 | CSP4: 0 | CSQ4: 0 | CSR4: 0 | CSS4: 0 | CST4: 0 | CSU4: 0 | CSV4: 0 | CSW4: 0 | CSX4: 0 | CSY4: 0 | CSZ4: 0 | CTA4: 0 | CTB4: 0 | CTC4: 0 | CTD4: 0 | CTE4: 0 | CTF4: 0 | CTG4: 0 | CTH4: 0 | CTI4: 0 | CTJ4: 0 | CTK4: 0 | CTL4: 0 | CTM4: 0 | CTN4: 0 | CTO4: 0 | CTP4: 0 | CTQ4: 0 | CTR4: 0 | CTS4: 0 | CTT4: 0 | CTU4: 0 | CTV4: 0 | CTW4: 0 | CTX4: 0 | CTY4: 0 | CTZ4: 0 | CUA4: 0 | CUB4: 0 | CUC4: 0 | CUD4: 0 | CUE4: 0 | CUF4: 0 | CUG4: 0 | CUH4: 0 | CUI4: 0 | CUJ4: 0 | CUK4: 0 | CUL4: 0 | CUM4: 0 | CUN4: 0 | CUO4: 0 | CUP4: 0 | CUQ4: 0 | CUR4: 0 | CUS4: 0 | CUT4: 0 | CUU4: 0 | CUV4: 0 | CUW4: 0 | CUX4: 0 | CUY4: 0 | CUZ4: 0 | CVA4: 0 | CVB4: 0 | CVC4: 0 | CVD4: 0 | CVE4: 0 | CVF4: 0 | CVG4: 0 | CVH4: 0 | CVI4: 0 | CVJ4: 0 | CVK4: 0 | CVL4: 0 | CVM4: 0 | CVN4: 0 | CVO4: 0 | CVP4: 0 | CVQ4: 0 | CVR4: 0 | CVS4: 0 | CVT4: 0 | CVU4: 0 | CVV4: 0 | CVW4: 0 | CVX4: 0 | CVY4: 0 | CVZ4: 0 | CWA4: 0 | CWB4: 0 | CWC4: 0 | CWD4: 0 | CWE4: 0 | CWF4: 0 | CWG4: 0 | CWH4: 0 | CWI4: 0 | CWJ4: 0 | CWK4: 0 | CWL4: 0 | CWM4: 0 | CWN4: 0 | CWO4: 0 | CWP4: 0 | CWQ4: 0 | CWR4: 0 | CWS4: 0 | CWT4: 0 | CWU4: 0 | CWV4: 0 | CWW4: 0 | CWX4: 0 | CWY4: 0 | CWZ4: 0 | CXA4: 0 | CXB4: 0 | CXC4: 0 | CXD4: 0 | CXE4: 0 | CXF4: 0 | CXG4: 0 | CXH4: 0 | CXI4: 0 | CXJ4: 0 | CXK4: 0 | CXL4: 0 | CXM4: 0 | CXN4: 0 | CXO4: 0 | CXP4: 0 | CXQ4: 0 | CXR4: 0 | CXS4: 0 | CXT4: 0 | CXU4: 0 | CXV4: 0 | CXW4: 0 | CXX4: 0 | CXY4: 0 | CXZ4: 0 | CYA4: 0 | CYB4: 0 | CYC4: 0 | CYD4: 0 | CYE4: 0 | CYF4: 0 | CYG4: 0 | CYH4: 0 | CYI4: 0 | CYJ4: 0 | CYK4: 0 | CYL4: 0 | CYM4: 0 | CYN4: 0 | CYO4: 0 | CYP4: 0 | CYQ4: 0 | CYR4: 0 | CYS4: 0 | CYT4: 0 | CYU4: 0 | CYV4: 0 | CYW4: 0 | CYX4: 0 | CYY4: 0 | CYZ4: 0 | CZA4: 0 | CZB4: 0 | CZC4: 0 | CZD4: 0 | CZE4: 0 | CZF4: 0 | CZG4: 0 | CZH4: 0 | CZI4: 0 | CZJ4: 0 | CZK4: 0 | CZL4: 0 | CZM4: 0 | CZN4: 0 | CZO4: 0 | CZP4: 0 | CZQ4: 0 | CZR4: 0 | CZS4: 0 | CZT4: 0 | CZU4: 0 | CZV4: 0 | CZW4: 0 | CZX4: 0 | CZY4: 0 | CZZ4: 0 | DAA4: 0 | DAB4: 0 | DAC4: 0 | DAD4: 0 | DAE4: 0 | DAF4: 0 | DAG4: 0 | DAH4: 0 | DAI4: 0 | DAJ4: 0 | DAK4: 0 | DAL4: 0 | DAM4: 0 | DAN4: 0 | DAO4: 0 | DAP4: 0 | DAQ4: 0 | DAR4: 0 | DAS4: 0 | DAT4: 0 | DAU4: 0 | DAV4: 0 | DAW4: 0 | DAX4: 0 | DAY4: 0 | DAZ4: 0 | DBA4: 0 | DBB4: 0 | DBC4: 0 | DBD4: 0 | DBE4: 0 | DBF4: 0 | DBG4: 0 | DBH4: 0 | DBI4: 0 | DBJ4: 0 | DBK4: 0 | DBL4: 0 | DBM4: 0 | DBN4: 0 | DBO4: 0 | DBP4: 0 | DBQ4: 0 | DBR4: 0 | DBS4: 0 | DBT4: 0 | DBU4: 0 | DBV4: 0 | DBW4: 0 | DBX4: 0 | DBY4: 0 | DBZ4: 0 | DCA4: 0 | DCB4: 0 | DCC4: 0 | DCD4: 0 | DCE4: 0 | DCF4: 0 | DCG4: 0 | DCH4: 0 | DCI4: 0 | DCJ4: 0 | DCK4: 0 | DCL4: 0 | DCM4: 0 | DCN4: 0 | DCO4: 0 | DCP4: 0 | DCQ4: 0 | DCR4: 0 | DCS4: 0 | DCT4: 0 | DCU4: 0 | DCV4: 0 | DCW4: 0 | DCX4: 0 | DCY4: 0 | DCZ4: 0 | DDA4: 0 | DDB4: 0 | DDC4: 0 | DDD4: 0 | DDE4: 0 | DDF4: 0 | DDG4: 0 | DDH4: 0 | DDI4: 0 | DDJ4: 0 | DDK4: 0 | DDL4: 0 | DDM4: 0 | DDN4: 0 | DDO4: 0 | DDP4: 0 | DDQ4: 0 | DDR4: 0 | DDS4: 0 | DDT4: 0 | DDU4: 0 | DDV4: 0 | DDW4: 0 | DDX4: 0 | DDY4: 0 | DDZ4: 0 | DEA4: 0 | DEB4: 0 | DEC4: 0 | DED4: 0 | DEE4: 0 | DEF4: 0 | DEG4: 0 | DEH4: 0 | DEI4: 0 | DEJ4: 0 | DEK4: 0 | DEL4: 0 | DEM4: 0 | DEN4: 0 | DEO4: 0 | DEP4: 0 | DEQ4: 0 | DER4: 0 | DES4: 0 | DET4: 0 | DEU4: 0 | DEV4: 0 | DEW4: 0 | DEX4: 0 | DEY4: 0 | DEZ4: 0 | DFA4: 0 | DFB4: 0 | DFC4: 0 | DFD4: 0 | DFE4: 0 | DFF4: 0 | DFG4: 0 | DFH4: 0 | DFI4: 0 | DFJ4: 0 | DFK4: 0 | DFL4: 0 | DFM4: 0 | DFN4: 0 | DFO4: 0 | DFP4: 0 | DFQ4: 0 | DFR4: 0 | DFS4: 0 | DFT4: 0 | DFU4: 0 | DFV4: 0 | DFW4: 0 | DFX4: 0 | DFY4: 0 | DFZ4: 0 | DGA4: 0 | DGB4: 0 | DGC4: 0 | DGD4: 0 | DGE4: 0 | DGF4: 0 | DGG4: 0 | DGH4: 0 | DGI4: 0 | DGJ4: 0 | DGK4: 0 | DGL4: 0 | DGM4: 0 | DGN4: 0 | DGO4: 0 | DGP4: 0 | DGQ4: 0 | DGR4: 0 | DGS4: 0 | DGT4: 0 | DGU4: 0 | DGV4: 0 | DGW4: 0 | DGX4: 0 | DGY4: 0 | DGZ4: 0 | DHA4: 0 | DHB4: 0 | DHC4: 0 | DHD4: 0 | DHE4: 0 | DHF4: 0 | DHG4: 0 | DHH4: 0 | DHI4: 0 | DHJ4: 0 | DHK4: 0 | DHL4: 0 | DHM4: 0 | DHN4: 0 | DHO4: 0 | DHP4: 0 | DHQ4: 0 | DHR4: 0 | DHS4: 0 | DHT4: 0 | DHU4: 0 | DHV4: 0 | DHW4: 0 | DHX4: 0 | DHY4: 0 | DHZ4: 0 | DIA4: 0 | DIB4: 0 | DIC4: 0 | DID4: 0 | DIE4: 0 | DIF4: 0 | DIG4: 0 | DIH4: 0 | DII4: 0 | DIJ4: 0 | DIK4: 0 | DIL4: 0 | DIM4: 0 | DIN4: 0 | DIO4: 0 | DIP4: 0 | DIQ4: 0 | DIR4: 0 | DIS4: 0 | DIT4: 0 | DIU4: 0 | DIV4: 0 | DIW4: 0 | DIX4: 0 | DIY4: 0 | DIZ4: 0 | DJA4: 0 | DJB4: 0 | DJC4: 0 | DJD4: 0 | DJE4: 0 | DJF4: 0 | DJG4: 0 | DJH4: 0 | DJI4: 0 | DJJ4: 0 | DJK4: 0 | DJL4: 0 | DJM4: 0 | DJN4: 0 | DJO4: 0 | DJP4: 0 | DJQ4: 0 | DJR4: 0 | DJS4: 0 | DJT4: 0 | DJU4: 0 | DJV4: 0 | DJW4: 0 | DJX4: 0 | DJY4: 0 | DJZ4: 0 | DKA4: 0 | DKB4: 0 | DKC4: 0 | DKD4: 0 | DKE4: 0 | DKF4: 0 | DKG4: 0 | DKH4: 0 | DKI4: 0 | DKJ4: 0 | DKK4: 0 | DKL4: 0 | DKM4: 0 | DKN4: 0 | DKO4: 0 | DKP4: 0 | DKQ4: 0 | DKR4: 0 | DKS4: 0 | DKT4: 0 | DKU4: 0 | DKV4: 0 | DKW4: 0 | DKX4: 0 | DKY4: 0 | DKZ4: 0 | DLA4: 0 | DLB4: 0 | DLC4: 0 | DLD4: 0 | DLE4: 0 | DLF4: 0 | DLG4: 0 | DLH4: 0 | DLI4: 0 | DLJ4: 0 | DLK4: 0 | DLL4: 0 | DLM4: 0 | DLN4: 0 | DLO4: 0 | DLP4: 0 | DLQ4: 0 | DLR4: 0 | DLS4: 0 | DLT4: 0 | DLU4: 0 | DLV4: 0 | DLW4: 0 | DLX4: 0 | DLY4: 0 | DLZ4: 0 | DMA4: 0 | DMB4: 0 | DMC4: 0 | DMD4: 0 | DME4: 0 | DMF4: 0 | DMG4: 0 | DMH4: 0 | DMI4: 0 | DMJ4: 0 | DMK4: 0 | DML4: 0 | DMM4: 0 | DMN4: 0 | DMO4: 0 | DMP4: 0 | DMQ4: 0 | DMR4: 0 | DMS4: 0 | DMT4: 0 | DMU4: 0 | DMV4: 0 | DMW4: 0 | DMX4: 0 | DMY4: 0 | DMZ4: 0 | DNA4: 0 | DNB4: 0 | DNC4: 0 | DND4: 0 | DNE4: 0 | DNF4: 0 | DNG4: 0 | DNH4: 0 | DNI4: 0 | DNJ4: 0 | DNK4: 0 | DNL4: 0 | DNM4: 0 | DNN4: 0 | DNO4: 0 | DNP4: 0 | DNQ4: 0 | DNR4: 0 | DNS4: 0 | DNT4: 0 | DNU4: 0 | DNV4: 0 | DNW4: 0 | DNX4: 0 | DNY4: 0 | DNZ4: 0 | DOA4: 0 | DOB4: 0 | DOC4: 0 | DOD4: 0 | DOE4: 0 | DOF4: 0 | DOG4: 0 | DOH4: 0 | DOI4: 0 | DOJ4: 0 | DOK4: 0 | DOL4: 0 | DOM4: 0 | DON4: 0 | DOO4: 0 | DOP4: 0 | DOQ4: 0 | DOR4: 0 | DOS4: 0 | DOT4: 0 | DOU4: 0 | DOV4: 0 | DOW4: 0 | DOX4: 0 | DOY4: 0 | DOZ4: 0 | DPA4: 0 | DPB4: 0 | DPC4: 0 | DPD4: 0 | DPE4: 0 | DPF4: 0 | DPG4: 0 | DPH4: 0 | DPI4: 0 | DPJ4: 0 | DPK4: 0 | DPL4: 0 | DPM4: 0 | DPN4: 0 | DPO4: 0 | DPP4: 0 | DPQ4: 0 | DPR4: 0 | DPS4: 0 | DPT4: 0 | DPU4: 0 | DPV4: 0 | DPW4: 0 | DPX4: 0 | DPY4: 0 | DPZ4: 0 | DQA4: 0 | DQB4: 0 | DQC4: 0 | DQD4: 0 | DQE4: 0 | DQF4: 0 | DQG4: 0 | DQH4: 0 | DQI4: 0 | DQJ4: 0 | DQK4: 0 | DQL4: 0 | DQM4: 0 | DQN4: 0 | DQO4: 0 | DQP4: 0 | DQQ4: 0 | DQR4: 0 | DQS4: 0 | DQT4: 0 | DQU4: 0 | DQV4: 0 | DQW4: 0 | DQX4: 0 | DQY4: 0 | DQZ4: 0 | DRA4: 0 | DRB4: 0 | DRC4: 0 | DRD4: 0 | DRE4: 0 | DRF4: 0 | DRG4: 0 | DRH4: 0 | DRI4: 0 | DRJ4: 0 | DRK4: 0 | DRL4: 0 | DRM4: 0 | DRN4: 0 | DRO4: 0 | DRP4: 0 | DRQ4: 0 | DRR4: 0 | DRS4: 0 | DRT4: 0 | DRU4: 0 | DRV4: 0 | DRW4: 0 | DRX4: 0 | DRY4: 0 | DRZ4: 0 | DSA4: 0 | DSB4: 0 | DSC4: 0 | DSD4: 0 | DSE4: 0 | DSF4: 0 | DSG4: 0 | DSH4: 0 | DSI4: 0 | DSJ4: 0 | DSK4: 0 | DSL4: 0 | DSM4: 0 | DSN4: 0 | DSO4: 0 | DSP4: 0 | DSQ4: 0 | DSR4: 0 | DSS4: 0 | DST4: 0 | DSU4: 0 | DSV4: 0 | DSW4: 0 | DSX4: 0 | DSY4: 0 | DSZ4: 0 | DTA4: 0 | DTB4: 0 | DTC4: 0 | DTD4: 0 | DTE4: 0 | DTF4: 0 | DTG4: 0 | DTH4: 0 | DTI4: 0 | DTJ4: 0 | DTK4: 0 | DTL4: 0 | DTM4: 0 | DTN4: 0 | DTO4: 0 | DTP4: 0 | DTQ4: 0 | DTR4: 0 | DTS4: 0 | DTT4: 0 | DTU4: 0 | DTV4: 0 | DTW4: 0 | DTX4: 0 | DTY4: 0 | DTZ4: 0 | DUA4: 0 | DUB4: 0 | DUC4: 0 | DUD4: 0 | DUE4: 0 | DUF4: 0 | DUG4: 0 | DUH4: 0 | DUI4: 0 | DUJ4: 0 | DUK4: 0 | DUL4: 0 | DUM4: 0 | DUN4: 0 | DUO4: 0 | DUP4: 0 | DUQ4: 0 | DUR4: 0 | DUS4: 0 | DUT4: 0 | DUU4: 0 | DUV4: 0 | DUW4: 0 | DUX4: 0 | DUY4: 0 | DUZ4: 0 | DVA4: 0 | DVB4: 0 | DVC4: 0 | DVD4: 0 | DVE4: 0 | DVF4: 0 | DVG4: 0 | DVH4: 0 | DVI4: 0 | DVJ4: 0 | DVK4: 0 | DVL4: 0 | DVM4: 0 | DVN4: 0 | DVO4: 0 | DVP4: 0 | DVQ4: 0 | DVR4: 0 | DVS4: 0 | DVT4: 0 | DVU4: 0 | DVV4: 0 | DVW4: 0 | DVX4: 0 | DVY4: 0 | DVZ4: 0 | DWA4: 0 | DWB4: 0 | DWC4: 0 | DWD4: 0 | DWE4: 0 | DWF4: 0 | DWG4: 0 | DWH4: 0 | DWI4: 0 | DWJ4: 0 | DWK4: 0 | DWL4: 0 | DWM4: 0 | DWN4: 0 | DWO4: 0 | DWP4: 0 | DWQ4: 0 | DWR4: 0 | DWS4: 0 | DWT4: 0 | DWU4: 0 | DWV4: 0 | DWW4: 0 | DWX4: 0 | DWY4: 0 | DWZ4: 0 | DXA4: 0 | DXB4: 0 | DXC4: 0 | DXD4: 0 | DXE4: 0 | DXF4: 0 | DXG4: 0 | DXH4: 0 | DXI4: 0 | DXJ4: 0 | DXK4: 0 | DXL4: 0 | DXM4: 0 | DXN4: 0 | DXO4: 0 | DXP4: 0 | DXQ4: 0 | DXR4: 0 | DXS4: 0 | DXT4: 0 | DXU4: 0 | DXV4: 0 | DXW4: 0 | DXX4: 0 | DXY4: 0 | DXZ4: 0 | DYA4: 0 | DYB4: 0 | DYC4: 0 | DYD4: 0 | DYE4: 0 | DYF4: 0 | DYG4: 0 | DYH4: 0 | DYI4: 0 | DYJ4: 0 | DYK4: 0 | DYL4: 0 | DYM4: 0 | DYN4: 0 | DYO4: 0 | DYP4: 0 | DYQ4: 0 | DYR4: 0 | DYS4: 0 | DYT4: 0 | DYU4: 0 | DYV4: 0 | DYW4: 0 | DYX4: 0 | DYY4: 0 | DYZ4: 0 | DZA4: 0 | DZB4: 0 | DZC4: 0 | DZD4: 0 | DZE4: 0 | DZF4: 0 | DZG4: 0 | DZH4: 0 | DZI4: 0 | DZJ4: 0 | DZK4: 0 | DZL4: 0 | DZM4: 0 | DZN4: 0 | DZO4: 0 | DZP4: 0 | DZQ4: 0 | DZR4: 0 | DZS4: 0 | DZT4: 0 | DZU4: 0 | DZV4: 0 | DZW4: 0 | DZX4: 0 | DZY4: 0 | DZZ4: 0 | EAA4: 0 | EAB4: 0 | EAC4: 0 | EAD4: 0 | EAE4: 0 | EAF4: 0 | EAG4: 0 | EAH4: 0 | EAI4: 0 | EAJ4: 0 | EAK4: 0 | EAL4: 0 | EAM4: 0 | EAN4: 0 | EAO4: 0 | EAP4: 0 | EAQ4: 0 | EAR4: 0 | EAS4: 0 | EAT4: 0 | EAU4: 0 | EAV4: 0 | EAW4: 0 | EAX4: 0 | EAY4: 0 | EAZ4: 0 | EBA4: 0 | EBB4: 0 | EBC4: 0 | EBD4: 0 | EBE4: 0 | EBF4: 0 | EBG4: 0 | EBH4: 0 | EBI4: 0 | EBJ4: 0 | EBK4: 0 | EBL4: 0 | EBM4: 0 | EBN4: 0 | EBO4: 0 | EBP4: 0 | EBQ4: 0 | EBR4: 0 | EBS4: 0 | EBT4: 0 | EBU4: 0 | EBV4: 0 | EBW4: 0 | EBX4: 0 | EBY4: 0 | EBZ4: 0 | ECA4: 0 | ECB4: 0 | ECC4: 0 | ECD4: 0 | ECE4: 0 | ECF4: 0 | ECG4: 0 | ECH4: 0 | ECI4: 0 | ECJ4: 0 | ECK4: 0 | ECL4: 0 | ECM4: 0 | ECN4: 0 | ECO4: 0 | ECP4: 0 | ECQ4: 0 | ECR4: 0 | ECS4: 0 | ECT4: 0 | ECU4: 0 | ECV4: 0 | ECW4: 0 | ECX4: 0 | ECY4: 0 | ECZ4: 0 | EDA4: 0 | EDB4: 0 | EDC4: 0 | EDD4: 0 | EDE4: 0 | EDF4: 0 | EDG4: 0 | EDH4: 0 | EDI4: 0 | EDJ4: 0 | EDK4: 0 | EDL4: 0 | EDM4: 0 | EDN4: 0 | EDO4: 0 | EDP4: 0 | EDQ4: 0 | EDR4: 0 | EDS4: 0 | EDT4: 0 | EDU4: 0 | EDV4: 0 | EDW4: 0 | EDX4: 0 | EDY4: 0 | EDZ4: 0 | EEA4: 0 | EEB4: 0 | EEC4: 0 | EED4: 0 | EEE4: 0 | EEF4: 0 | EEG4: 0 | EEH4: 0 | EEI4: 0 | EEJ4: 0 | EEK4: 0 | EEL4: 0 | EEM4: 0 | EEN4: 0 | EEO4: 0 | EEP4: 0 | EEQ4: 0 | EER4: 0 | EES4: 0 | EET4: 0 | EEU4: 0 | EEV4: 0 | EEW4: 0 | EEX4: 0 | EEY4: 0 | EEZ4: 0 | EFA4: 0 | EFB4: 0 | EFC4: 0 | EFD4: 0 | EFE4: 0 | EFF4: 0 | EFG4: 0 | EFH4: 0 | EFI4: 0 | EFJ4: 0 | EFK4: 0 | EFL4: 0 | EFM4: 0 | EFN4: 0 | EFO4: 0 | EFP4: 0 | EFQ4: 0 | EFR4: 0 | EFS4: 0 | EFT4: 0 | EFU4: 0 | EFV4: 0 | EFW4: 0 | EFX4: 0 | EFY4: 0 | EFZ4: 0 | EGA4: 0 | EGB4: 0 | EGC4: 0 | EGD4: 0 | EGE4: 0 | EGF4: 0 | EGG4: 0 | EGH4: 0 | EGI4: 0 | EGJ4: 0 | EGK4: 0 | EGL4: 0 | EGM4: 0 | EGN4: 0 | EGO4: 0 | EGP4: 0 | EGQ4: 0 | EGR4: 0 | EGS4: 0 | EGT4: 0 | EGU4: 0 | EGV4: 0 | EGW4: 0 | EGX4: 0 | EGY4: 0 | EGZ4: 0 | EHA4: 0 | EHB4: 0 | EHC4: 0 | EHD4: 0 | EHE4: 0 | EHF4: 0 | EHG4: 0 | EHH4: 0 | EHI4: 0 | EHJ4: 0 | EHK4: 0 | EHL4: 0 | EHM4: 0 | EHN4: 0 | EHO4: 0 | EHP4: 0 | EHQ4: 0 | EHR4: 0 | EHS4: 0 | EHT4: 0 | EHU4: 0 | EHV4: 0 | EHW4: 0 | EHX4: 0 | EHY4: 0 | EHZ4: 0 | EIA4: 0 | EIB4: 0 | EIC4: 0 | EID4: 0 | EIE4: 0 | EIF4: 0 | EIG4: 0 | EIH4: 0 | EII4: 0 | EIJ4: 0 | EIK4: 0 | EIL4: 0 | EIM4: 0 | EIN4: 0 | EIO4: 0 | EIP4: 0 | EIQ4: 0 | EIR4: 0 | EIS4: 0 | EIT4: 0 | EIU4: 0 | EIV4: 0 | EIW4: 0 | EIX4: 0 | EIY4: 0 | EIZ4: 0 | EJA4: 0 | EJB4: 0 | EJC4: 0 | EJD4: 0 | EJE4: 0 | EJF4: 0 | EJG4: 0 | EJH4: 0 | EJI4: 0 | EJJ4: 0 | EJK4: 0 | EJL4: 0 | EJM4: 0 | EJN4: 0 | EJO4: 0 | EJP4: 0 | EJQ4: 0 | EJR4: 0 | EJS4: 0 | EJT4: 0 | EJU4: 0 | EJV4: 0 | EJW4: 0 | EJX4: 0 | EJY4: 0 | EJZ4: 0 | EKA4: 0 | EKB4: 0 | EKC4: 0 | EKD4: 0 | EKE4: 0 | EKF4: 0 | EKG4: 0 | EKH4: 0 | EKI4: 0 | EKJ4: 0 | EKK4: 0 | EKL4: 0 | EKM4: 0 | EKN4: 0 | EKO4: 0 | EKP4: 0 | EKQ4: 0 | EKR4: 0 | EKS4: 0 | EKT4: 0 | EKU4: 0 | EKV4: 0 | EKW4: 0 | EKX4: 0 | EKY4: 0 | EKZ4: 0 | ELA4: 0 | ELB4: 0 | ELC4: 0 | ELD4: 0 | ELE4: 0 | ELF4: 0 | ELG4: 0 | ELH4: 0 | ELI4: 0 | ELJ4: 0 | ELK4: 0 | ELL4: 0 | ELM4: 0 | ELN4: 0 | ELO4: 0 | ELP4: 0 | ELQ4: 0 | ELR4: 0 | ELS4: 0 | ELT4: 0 | ELU4: 0 | ELV4: 0 | ELW4: 0 | ELX4: 0 | ELY4: 0 | ELZ4: 0 | EMA4: 0 | EMB4: 0 | EMC4: 0 | EMD4: 0 | EME4: 0 | EMF4: 0 | EMG4: 0 | EMH4: 0 | EMI4: 0 | EMJ4: 0 | EMK4: 0 | EML4: 0 | EMM4: 0 | EMN4: 0 | EMO4: 0 | EMP4: 0 | EMQ4: 0 | EMR4: 0 | EMS4: 0 | EMT4: 0 | EMU4: 0 | EMV4: 0 | EMW4: 0 | EMX4: 0 | EMY4: 0 | EMZ4: 0 | ENA4: 0 | ENB4: 0 | ENC4: 0 | END4: 0 | ENE4: 0 | ENF4: 0 | ENG4: 0 | ENH4: 0 | ENI4: 0 | ENJ4: 0 | ENK4: 0 | ENL4: 0 | ENM4: 0 | ENN4: 0 | ENO4: 0 | ENP4: 0 | ENQ4: 0 | ENR4: 0 | ENS4: 0 | ENT4: 0 | ENU4: 0 | ENV4: 0 | ENW4: 0 | ENX4: 0 | ENY4: 0 | ENZ4: 0 | EOA4: 0 | EOB4: 0 | EOC4: 0 | EOD4: 0 | EOE4: 0 | EOF4: 0 | EOG4: 0 | EOH4: 0 | EOI4: 0 | EOJ4: 0 | EOK4: 0 | EOL4: 0 | EOM4: 0 | EON4: 0 | EOO4: 0 | EOP4: 0 | EOQ4: 0 | EOR4: 0 | EOS4: 0 | EOT4: 0 | EOU4: 0 | EOV4: 0 | EOW4: 0 | EOX4: 0 | EOY4: 0 | EOZ4: 0 | EPA4: 0 | EPB4: 0 | EPC4: 0 | EPD4: 0 | EPE4: 0 | EPF4: 0 | EPG4: 0 | EPH4: 0 | EPI4: 0 | EPJ4: 0 | EPK4: 0 | EPL4: 0 | EPM4: 0 | EPN4: 0 | EPO4: 0 | EPP4: 0 | EPQ4: 0 | EPR4: 0 | EPS4: 0 | EPT4: 0 | EPU4: 0 | EPV4: 0 | EPW4: 0 | EPX4: 0 | EPY4: 0 | EPZ4: 0 | EQA4: 0 | EQB4: 0 | EQC4: 0 | EQD4: 0 | EQE4: 0 | EQF4: 0 | EQG4: 0 | EQH4: 0 | EQI4: 0 | EQJ4: 0 | EQK4: 0 | EQL4: 0 | EQM4: 0 | EQN4: 0 | EQO4: 0 | EQP4: 0 | EQQ4: 0 | EQR4: 0 | EQS4: 0 | EQT4: 0 | EQU4: 0 | EQV4: 0 | EQW4: 0 | EQX4: 0 | EQY4: 0 | EQZ4: 0 | ERA4: 0 | ERB4: 0 | ERC4: 0 | ERD4: 0 | ERE4: 0 | ERF4: 0 | ERG4: 0 | ERH4: 0 | ERI4: 0 | ERJ4: 0 | ERK4: 0 | ERL4: 0 | ERM4: 0 | ERN4: 0 | ERO4: 0 | ERP4: 0 | ERQ4: 0 | ERR4: 0 | ERS4: 0 | ERT4: 0 | ERU4: 0 | ERV4: 0 | ERW4: 0 | ERX4: 0 | ERY4: 0 | ERZ4: 0 | ESA4: 0 | ESB4: 0 | ESC4: 0 | ESD4: 0 | ESE4: 0 | ESF4: 0 | ESG4: 0 | ESH4: 0 | ESI4: 0 | ESJ4: 0 | ESK4: 0 | ESL4: 0 | ESM4: 0 | ESN4: 0 | ESO4: 0 | ESP4: 0 | ESQ4: 0 | ESR4: 0 | ESS4: 0 | EST4: 0 | ESU4: 0 | ESV4: 0 | ESW4: 0 | ESX4: 0 | ESY4: 0 | ESZ4: 0 | ETA4: 0 | ETB4: 0 | ETC4: 0 | ETD4: 0 | ETE4: 0 | ETF4: 0 | ETG4: 0 | ETH4: 0 | ETI4: 0 | ETJ4: 0 | ETK4: 0 | ETL4: 0 | ETM4: 0 | ETN4: 0 | ETO4: 0 | ETP4: 0 | ETQ4: 0 | ETR4: 0 | ETS4: 0 | ETT4: 0 | ETU4: 0 | ETV4: 0 | ETW4: 0 | ETX4: 0 | ETY4: 0 | ETZ4: 0 | EUA4: 0 | EUB4: 0 | EUC4: 0 | EUD4: 0 | EUE4: 0 | EUF4: 0 | EUG4: 0 | EUH4: 0 | EUI4: 0 | EUJ4: 0 | EUK4: 0 | EUL4: 0 | EUM4: 0 | EUN4: 0 | EUO4: 0 | EUP4: 0 | EUQ4: 0 | EUR4: 0 | EUS4: 0 | EUT4: 0 | EUU4: 0 | EUV4: 0 | EUW4: 0 | EUX4: 0 | EUY4: 0 | EUZ4: 0 | EVA4: 0 | EVB4: 0 | EVC4: 0 | EVD4: 0 | EVE4: 0 | EVF4: 0 | EVG4: 0 | EVH4: 0 | EVI4: 0 | EVJ4: 0 | EVK4: 0 | EVL4: 0 | EVM4: 0 | EVN4: 0 | EVO4: 0 | EVP4: 0 | EVQ4: 0 | EVR4: 0 | EVS4: 0 | EVT4: 0 | EVU4: 0 | EVV4: 0 | EVW4: 0 | EVX4: 0 | EVY4: 0 | EVZ4: 0 | EWA4: 0 | EWB4: 0 | EWC4: 0 | EWD4: 0 | EWE4: 0 | EWF4: 0 | EWG4: 0 | EWH4: 0 | EWI4: 0 | EWJ4: 0 | EWK4: 0 | EWL4: 0 | EWM4: 0 | EWN4: 0 | EWO4: 0 | EWP4: 0 | EWQ4: 0 | EWR4: 0 | EWS4: 0 | EWT4: 0 | EWU4: 0 | EWV4: 0 | EWW4: 0 | EWX4: 0 | EWY4: 0
